Seed,Popsize,Ngen,Pcross,Pmut,Cost,Time,CrowdingDistance
0.100000,1000,4000,0.9,0.01,25748.00,74067.00,0.000000
0.100000,1000,4000,0.9,0.01,50639.00,56322.00,0.014762
0.100000,1000,4000,0.9,0.01,64336.00,44450.00,0.014611
0.100000,1000,4000,0.9,0.01,22465.00,142206.00,0.006781
0.100000,1000,4000,0.9,0.01,17635.00,225093.00,0.004034
0.100000,1000,4000,0.9,0.01,52748.00,55187.00,0.015197
0.100000,1000,4000,0.9,0.01,53870.00,53389.00,0.010459
0.100000,1000,4000,0.9,0.01,48731.00,58420.00,0.010412
0.100000,1000,4000,0.9,0.01,22893.00,136375.00,0.006303
0.100000,1000,4000,0.9,0.01,67190.00,41875.00,0.003432
0.100000,1000,4000,0.9,0.01,63021.00,44973.00,0.018669
0.100000,1000,4000,0.9,0.01,46729.00,59162.00,0.007101
0.100000,1000,4000,0.9,0.01,57850.00,50755.00,0.011288
0.100000,1000,4000,0.9,0.01,67313.00,41700.00,0.002612
0.100000,1000,4000,0.9,0.01,25373.00,88017.00,0.021864
0.100000,1000,4000,0.9,0.01,53117.00,54943.00,0.007234
0.100000,1000,4000,0.9,0.01,24956.00,99243.00,0.013950
0.100000,1000,4000,0.9,0.01,19286.00,196701.00,0.025766
0.100000,1000,4000,0.9,0.01,49830.00,56930.00,0.007938
0.100000,1000,4000,0.9,0.01,22937.00,136337.00,0.001998
0.100000,1000,4000,0.9,0.01,40479.00,65077.00,0.015856
0.100000,1000,4000,0.9,0.01,18160.00,213015.00,0.013709
0.100000,1000,4000,0.9,0.01,20857.00,161922.00,0.019674
0.100000,1000,4000,0.9,0.01,67391.00,39575.00,100000000000000.000000
0.100000,1000,4000,0.9,0.01,39849.00,65751.00,0.025520
0.100000,1000,4000,0.9,0.01,49053.00,57852.00,0.009488
0.100000,1000,4000,0.9,0.01,16127.00,244306.00,0.015418
0.100000,1000,4000,0.9,0.01,18544.00,207529.00,0.002914
0.100000,1000,4000,0.9,0.01,44007.00,61889.00,0.021612
0.100000,1000,4000,0.9,0.01,22086.00,146271.00,0.017358
0.100000,1000,4000,0.9,0.01,64833.00,43074.00,0.016528
0.100000,1000,4000,0.9,0.01,20044.00,181977.00,0.023137
0.100000,1000,4000,0.9,0.01,44639.00,61882.00,0.012087
0.100000,1000,4000,0.9,0.01,19951.00,183644.00,0.013226
0.100000,1000,4000,0.9,0.01,18050.00,214804.00,0.009422
0.100000,1000,4000,0.9,0.01,35342.00,69337.00,0.023455
0.100000,1000,4000,0.9,0.01,17689.00,222081.00,0.007514
0.100000,1000,4000,0.9,0.01,59663.00,49372.00,0.006445
0.100000,1000,4000,0.9,0.01,47092.00,58586.00,0.014821
0.100000,1000,4000,0.9,0.01,57068.00,50877.00,0.013415
0.100000,1000,4000,0.9,0.01,51423.00,55629.00,0.022773
0.100000,1000,4000,0.9,0.01,48109.00,58454.00,0.016034
0.100000,1000,4000,0.9,0.01,15439.00,254234.00,0.005214
0.100000,1000,4000,0.9,0.01,65727.00,42691.00,0.014236
0.100000,1000,4000,0.9,0.01,21470.00,157651.00,0.010608
0.100000,1000,4000,0.9,0.01,16022.00,247700.00,0.002075
0.100000,1000,4000,0.9,0.01,24779.00,105429.00,0.005366
0.100000,1000,4000,0.9,0.01,24884.00,100095.00,0.013022
0.100000,1000,4000,0.9,0.01,33755.00,69807.00,0.032343
0.100000,1000,4000,0.9,0.01,49447.00,57279.00,0.009561
0.100000,1000,4000,0.9,0.01,17976.00,217347.00,0.009987
0.100000,1000,4000,0.9,0.01,21905.00,154204.00,0.007487
0.100000,1000,4000,0.9,0.01,23147.00,132257.00,0.011850
0.100000,1000,4000,0.9,0.01,23618.00,121436.00,0.014256
0.100000,1000,4000,0.9,0.01,59263.00,49721.00,0.013416
0.100000,1000,4000,0.9,0.01,59324.00,49515.00,0.004630
0.100000,1000,4000,0.9,0.01,55919.00,51628.00,0.010463
0.100000,1000,4000,0.9,0.01,23926.00,117630.00,0.004693
0.100000,1000,4000,0.9,0.01,16814.00,234907.00,0.004659
0.100000,1000,4000,0.9,0.01,62756.00,45992.00,0.010532
0.100000,1000,4000,0.9,0.01,46182.00,59898.00,0.017942
0.100000,1000,4000,0.9,0.01,15689.00,251207.00,0.007472
0.100000,1000,4000,0.9,0.01,56653.00,51610.00,0.012715
0.100000,1000,4000,0.9,0.01,62277.00,46448.00,0.019876
0.100000,1000,4000,0.9,0.01,67316.00,41269.00,0.005684
0.100000,1000,4000,0.9,0.01,24557.00,107587.00,0.009305
0.100000,1000,4000,0.9,0.01,36513.00,68288.00,0.020356
0.100000,1000,4000,0.9,0.01,38048.00,66071.00,0.023797
0.100000,1000,4000,0.9,0.01,46561.00,59460.00,0.006933
0.100000,1000,4000,0.9,0.01,21587.00,156827.00,0.007013
0.100000,1000,4000,0.9,0.01,20274.00,175017.00,0.023126
0.100000,1000,4000,0.9,0.01,16877.00,234894.00,0.017196
0.100000,1000,4000,0.9,0.01,55151.00,53254.00,0.009628
0.100000,1000,4000,0.9,0.01,40785.00,62774.00,0.025531
0.100000,1000,4000,0.9,0.01,23010.00,135996.00,0.004454
0.100000,1000,4000,0.9,0.01,24136.00,113877.00,0.020051
0.100000,1000,4000,0.9,0.01,23199.00,130020.00,0.025393
0.100000,1000,4000,0.9,0.01,24853.00,104422.00,0.012279
0.100000,1000,4000,0.9,0.01,59898.00,49100.00,0.009048
0.100000,1000,4000,0.9,0.01,64342.00,44113.00,0.007943
0.100000,1000,4000,0.9,0.01,57993.00,49820.00,0.015894
0.100000,1000,4000,0.9,0.01,25018.00,94644.00,0.030076
0.100000,1000,4000,0.9,0.01,18552.00,206868.00,0.003868
0.100000,1000,4000,0.9,0.01,54300.00,53296.00,0.012544
0.100000,1000,4000,0.9,0.01,15568.00,253170.00,0.006221
0.100000,1000,4000,0.9,0.01,16447.00,239713.00,0.013048
0.100000,1000,4000,0.9,0.01,21415.00,160684.00,0.015780
0.100000,1000,4000,0.9,0.01,45071.00,61059.00,0.019343
0.100000,1000,4000,0.9,0.01,15882.00,247953.00,0.007061
0.100000,1000,4000,0.9,0.01,17868.00,218353.00,0.009939
0.100000,1000,4000,0.9,0.01,15810.00,249867.00,0.009407
0.100000,1000,4000,0.9,0.01,19415.00,189576.00,0.025479
0.100000,1000,4000,0.9,0.01,42498.00,62386.00,0.032818
0.100000,1000,4000,0.9,0.01,16942.00,228035.00,0.019385
0.100000,1000,4000,0.9,0.01,18845.00,204251.00,0.008844
0.100000,1000,4000,0.9,0.01,21856.00,154242.00,0.002198
0.100000,1000,4000,0.9,0.01,16097.00,247259.00,0.008742
0.100000,1000,4000,0.9,0.01,22460.00,143782.00,0.008947
0.100000,1000,4000,0.9,0.01,15351.00,254522.00,0.005028
0.100000,1000,4000,0.9,0.01,67068.00,42170.00,0.011054
0.100000,1000,4000,0.9,0.01,66226.00,42671.00,0.014014
0.100000,1000,4000,0.9,0.01,24015.00,116746.00,0.010729
0.100000,1000,4000,0.9,0.01,21826.00,154825.00,0.004597
0.100000,1000,4000,0.9,0.01,32347.00,70950.00,0.024068
0.100000,1000,4000,0.9,0.01,17400.00,225108.00,0.007077
0.100000,1000,4000,0.9,0.01,19824.00,187667.00,0.002759
0.100000,1000,4000,0.9,0.01,22408.00,145821.00,0.009356
0.100000,1000,4000,0.9,0.01,17227.00,227992.00,0.006378
0.100000,1000,4000,0.9,0.01,23013.00,134733.00,0.003846
0.100000,1000,4000,0.9,0.01,20672.00,166096.00,0.031254
0.100000,1000,4000,0.9,0.01,24795.00,105012.00,0.003047
0.100000,1000,4000,0.9,0.01,17781.00,220822.00,0.010375
0.100000,1000,4000,0.9,0.01,19761.00,187691.00,0.008342
0.100000,1000,4000,0.9,0.01,18462.00,207752.00,0.005114
0.100000,1000,4000,0.9,0.01,60169.00,47558.00,0.014634
0.100000,1000,4000,0.9,0.01,50166.00,56817.00,0.009137
0.100000,1000,4000,0.9,0.01,18415.00,209199.00,0.015117
0.100000,1000,4000,0.9,0.01,24687.00,106877.00,0.007136
0.100000,1000,4000,0.9,0.01,16781.00,236504.00,0.007092
0.100000,1000,4000,0.9,0.01,18944.00,198726.00,0.018739
0.100000,1000,4000,0.9,0.01,23305.00,121982.00,0.023954
0.100000,1000,4000,0.9,0.01,15019.00,254672.00,100000000000000.000000
0.100000,1000,4000,0.9,0.01,60818.00,46583.00,0.022705
0.100000,1000,4000,0.9,0.01,22584.00,141374.00,0.011846
0.100000,1000,4000,0.9,0.01,23015.00,134362.00,0.007035
0.100000,1000,4000,0.9,0.01,15675.00,252527.00,0.005718
0.100000,1000,4000,0.9,0.01,31599.00,71306.00,0.025511
0.100000,1000,4000,0.9,0.01,16675.00,237387.00,0.010648
0.100000,1000,4000,0.9,0.01,24314.00,109348.00,0.018641
0.100000,1000,4000,0.9,0.01,55167.00,52715.00,0.007698
0.100000,1000,4000,0.9,0.01,37604.00,66768.00,0.019808
0.100000,1000,4000,0.9,0.01,18890.00,203136.00,0.013788
0.100000,1000,4000,0.9,0.01,21938.00,151358.00,0.020169
0.100000,1000,4000,0.9,0.01,18158.00,214041.00,0.005209
0.100000,1000,4000,0.9,0.01,17361.00,227012.00,0.008356
0.100000,1000,4000,0.9,0.01,16027.00,247656.00,0.001741
0.100000,1000,4000,0.9,0.01,22642.00,137837.00,0.014570
0.100000,1000,4000,0.9,0.01,25604.00,87645.00,0.036007
0.100000,1000,4000,0.9,0.01,23884.00,118227.00,0.011788
0.100000,1000,4000,0.9,0.01,16245.00,241234.00,0.013732
0.100000,1000,4000,0.9,0.01,52896.00,55141.00,0.004090
0.100000,1000,4000,0.9,0.01,36062.00,69192.00,0.013618
0.100000,1000,4000,0.9,0.01,19861.00,186915.00,0.010564
0.100000,1000,4000,0.9,0.01,21665.00,155435.00,0.006935
0.100000,1000,4000,0.9,0.01,20640.00,174476.00,0.024537
0.100000,1000,4000,0.9,0.01,55587.00,51733.00,0.009706
0.100000,1000,4000,0.9,0.01,17684.00,224539.00,0.003808
0.100000,1000,4000,0.9,0.01,17685.00,223660.00,0.005761
0.100000,1000,4000,0.9,0.01,18734.00,206300.00,0.006625
0.100000,1000,4000,0.9,0.01,18704.00,206522.00,0.003058
0.100000,1000,4000,0.9,0.01,29638.00,73811.00,0.044735
0.100000,1000,4000,0.9,0.01,30257.00,73341.00,0.024545
0.100000,1000,4000,0.9,0.01,53558.00,54748.00,0.010801
0.100000,1000,4000,0.9,0.01,23991.00,116465.00,0.008988
0.100000,1000,4000,0.9,0.01,53621.00,53882.00,0.006288
0.100000,1000,4000,0.9,0.01,17657.00,223373.00,0.007517
0.100000,1000,4000,0.9,0.01,18307.00,211913.00,0.028229
0.100000,1000,4000,0.9,0.01,18649.00,205971.00,0.009811
0.100000,1000,4000,0.9,0.01,43659.00,62305.00,0.038089
0.100000,1000,4000,0.9,0.01,65798.00,42147.00,0.015864
0.100000,1000,4000,0.9,0.01,25343.00,93197.00,0.018794
0.100000,1000,4000,0.9,0.01,19981.00,183057.00,0.023067
0.100000,1000,4000,0.9,0.01,37362.00,68026.00,0.013949
0.100000,1000,4000,0.9,0.01,29347.00,72956.00,0.060459
0.920000,1000,4000,0.9,0.01,67442.00,39575.00,0.000000
0.920000,1000,4000,0.9,0.01,67417.00,41290.00,0.001762
0.920000,1000,4000,0.9,0.01,56574.00,52113.00,0.008994
0.920000,1000,4000,0.9,0.01,64997.00,43979.00,0.006264
0.920000,1000,4000,0.9,0.01,57893.00,50354.00,0.012411
0.920000,1000,4000,0.9,0.01,19399.00,191425.00,0.012172
0.920000,1000,4000,0.9,0.01,42408.00,62964.00,0.015489
0.920000,1000,4000,0.9,0.01,31464.00,71775.00,0.017874
0.920000,1000,4000,0.9,0.01,17635.00,218045.00,0.007612
0.920000,1000,4000,0.9,0.01,24496.00,108777.00,0.006393
0.920000,1000,4000,0.9,0.01,20752.00,163859.00,0.014111
0.920000,1000,4000,0.9,0.01,35491.00,68396.00,0.017404
0.920000,1000,4000,0.9,0.01,63439.00,45140.00,0.016570
0.920000,1000,4000,0.9,0.01,30674.00,73934.00,0.003196
0.920000,1000,4000,0.9,0.01,50845.00,56001.00,0.005920
0.920000,1000,4000,0.9,0.01,36728.00,67088.00,0.033940
0.920000,1000,4000,0.9,0.01,24569.00,107917.00,0.001733
0.920000,1000,4000,0.9,0.01,21468.00,156337.00,0.010024
0.920000,1000,4000,0.9,0.01,46411.00,59986.00,0.020041
0.920000,1000,4000,0.9,0.01,47351.00,58452.00,0.018068
0.920000,1000,4000,0.9,0.01,22380.00,143156.00,0.010129
0.920000,1000,4000,0.9,0.01,50285.00,56980.00,0.003942
0.920000,1000,4000,0.9,0.01,22130.00,148978.00,0.004919
0.920000,1000,4000,0.9,0.01,17906.00,213763.00,0.015135
0.920000,1000,4000,0.9,0.01,16760.00,237682.00,0.004289
0.920000,1000,4000,0.9,0.01,38563.00,66406.00,0.027856
0.920000,1000,4000,0.9,0.01,53055.00,54344.00,0.003856
0.920000,1000,4000,0.9,0.01,56652.00,51234.00,0.010827
0.920000,1000,4000,0.9,0.01,19936.00,185499.00,0.011849
0.920000,1000,4000,0.9,0.01,62670.00,45812.00,0.016894
0.920000,1000,4000,0.9,0.01,57442.00,51020.00,0.010086
0.920000,1000,4000,0.9,0.01,50850.00,55914.00,0.013661
0.920000,1000,4000,0.9,0.01,22191.00,147758.00,0.005267
0.920000,1000,4000,0.9,0.01,66920.00,42205.00,0.004754
0.920000,1000,4000,0.9,0.01,58656.00,49783.00,0.016645
0.920000,1000,4000,0.9,0.01,15837.00,246757.00,0.011292
0.920000,1000,4000,0.9,0.01,33003.00,69813.00,0.023181
0.920000,1000,4000,0.9,0.01,18515.00,207449.00,0.019937
0.920000,1000,4000,0.9,0.01,41897.00,64358.00,0.008028
0.920000,1000,4000,0.9,0.01,21782.00,155048.00,0.006115
0.920000,1000,4000,0.9,0.01,35475.00,69427.00,0.006530
0.920000,1000,4000,0.9,0.01,24738.00,99340.00,0.022716
0.920000,1000,4000,0.9,0.01,60992.00,47656.00,0.005884
0.920000,1000,4000,0.9,0.01,61974.00,46393.00,0.008863
0.920000,1000,4000,0.9,0.01,39288.00,65613.00,0.016308
0.920000,1000,4000,0.9,0.01,45363.00,60552.00,0.014856
0.920000,1000,4000,0.9,0.01,24688.00,103588.00,0.021230
0.920000,1000,4000,0.9,0.01,49113.00,57774.00,0.013745
0.920000,1000,4000,0.9,0.01,67403.00,41436.00,0.001658
0.920000,1000,4000,0.9,0.01,19810.00,189823.00,0.005601
0.920000,1000,4000,0.9,0.01,65731.00,42961.00,0.010052
0.920000,1000,4000,0.9,0.01,40591.00,65128.00,0.008115
0.920000,1000,4000,0.9,0.01,31202.00,73187.00,0.006197
0.920000,1000,4000,0.9,0.01,50199.00,57481.00,0.003418
0.920000,1000,4000,0.9,0.01,19364.00,195994.00,0.014449
0.920000,1000,4000,0.9,0.01,25742.00,83920.00,0.024965
0.920000,1000,4000,0.9,0.01,22303.00,145503.00,0.010691
0.920000,1000,4000,0.9,0.01,24262.00,111162.00,0.006181
0.920000,1000,4000,0.9,0.01,18329.00,211893.00,0.005929
0.920000,1000,4000,0.9,0.01,19818.00,188690.00,0.003725
0.920000,1000,4000,0.9,0.01,23060.00,130012.00,0.017192
0.920000,1000,4000,0.9,0.01,54806.00,52923.00,0.021679
0.920000,1000,4000,0.9,0.01,22818.00,136203.00,0.015314
0.920000,1000,4000,0.9,0.01,40047.00,65482.00,0.013558
0.920000,1000,4000,0.9,0.01,15563.00,249659.00,0.010087
0.920000,1000,4000,0.9,0.01,64045.00,44330.00,0.014586
0.920000,1000,4000,0.9,0.01,30708.00,73870.00,0.003461
0.920000,1000,4000,0.9,0.01,19970.00,182074.00,0.023548
0.920000,1000,4000,0.9,0.01,19919.00,186948.00,0.007558
0.920000,1000,4000,0.9,0.01,24447.00,110741.00,0.007792
0.920000,1000,4000,0.9,0.01,20163.00,176327.00,0.021858
0.920000,1000,4000,0.9,0.01,40769.00,64955.00,0.008871
0.920000,1000,4000,0.9,0.01,17386.00,225957.00,0.011448
0.920000,1000,4000,0.9,0.01,57542.00,50549.00,0.005854
0.920000,1000,4000,0.9,0.01,17815.00,217294.00,0.012568
0.920000,1000,4000,0.9,0.01,55758.00,52815.00,0.010982
0.920000,1000,4000,0.9,0.01,59018.00,47817.00,0.026577
0.920000,1000,4000,0.9,0.01,24537.00,108367.00,0.002701
0.920000,1000,4000,0.9,0.01,41391.00,64596.00,0.012150
0.920000,1000,4000,0.9,0.01,67348.00,41719.00,0.003298
0.920000,1000,4000,0.9,0.01,60959.00,47805.00,0.019203
0.920000,1000,4000,0.9,0.01,45223.00,61498.00,0.013457
0.920000,1000,4000,0.9,0.01,20406.00,174482.00,0.008844
0.920000,1000,4000,0.9,0.01,18209.00,212414.00,0.008394
0.920000,1000,4000,0.9,0.01,25455.00,85649.00,0.020924
0.920000,1000,4000,0.9,0.01,16962.00,231130.00,0.015450
0.920000,1000,4000,0.9,0.01,20741.00,168739.00,0.019902
0.920000,1000,4000,0.9,0.01,24179.00,112296.00,0.010387
0.920000,1000,4000,0.9,0.01,66781.00,42345.00,0.003463
0.920000,1000,4000,0.9,0.01,67167.00,41885.00,0.005215
0.920000,1000,4000,0.9,0.01,21587.00,155615.00,0.004933
0.920000,1000,4000,0.9,0.01,25448.00,92523.00,0.017311
0.920000,1000,4000,0.9,0.01,19840.00,188348.00,0.005025
0.920000,1000,4000,0.9,0.01,18855.00,200955.00,0.010389
0.920000,1000,4000,0.9,0.01,16126.00,238781.00,0.021214
0.920000,1000,4000,0.9,0.01,50452.00,56825.00,0.007624
0.920000,1000,4000,0.9,0.01,66098.00,42763.00,0.009640
0.920000,1000,4000,0.9,0.01,55983.00,52355.00,0.007770
0.920000,1000,4000,0.9,0.01,21313.00,162263.00,0.009345
0.920000,1000,4000,0.9,0.01,21371.00,159782.00,0.015294
0.920000,1000,4000,0.9,0.01,19087.00,197205.00,0.009579
0.920000,1000,4000,0.9,0.01,61452.00,47298.00,0.006414
0.920000,1000,4000,0.9,0.01,19184.00,196743.00,0.005465
0.920000,1000,4000,0.9,0.01,23796.00,115301.00,0.022395
0.920000,1000,4000,0.9,0.01,15019.00,254042.00,100000000000000.000000
0.920000,1000,4000,0.9,0.01,21112.00,162731.00,0.006443
0.920000,1000,4000,0.9,0.01,53238.00,53921.00,0.007666
0.920000,1000,4000,0.9,0.01,43318.00,62392.00,0.015350
0.920000,1000,4000,0.9,0.01,22060.00,149332.00,0.007598
0.920000,1000,4000,0.9,0.01,52018.00,54940.00,0.023566
0.920000,1000,4000,0.9,0.01,22295.00,147394.00,0.006325
0.920000,1000,4000,0.9,0.01,16801.00,233374.00,0.016482
0.920000,1000,4000,0.9,0.01,25002.00,95129.00,0.021446
0.920000,1000,4000,0.9,0.01,20878.00,163247.00,0.006063
0.920000,1000,4000,0.9,0.01,23767.00,123198.00,0.026243
0.920000,1000,4000,0.9,0.01,17572.00,219565.00,0.011842
0.920000,1000,4000,0.9,0.01,30975.00,73681.00,0.006304
0.920000,1000,4000,0.9,0.01,24160.00,115200.00,0.010659
0.920000,1000,4000,0.9,0.01,35108.00,69630.00,0.005586
0.920000,1000,4000,0.9,0.01,34983.00,69810.00,0.020504
0.920000,1000,4000,0.9,0.01,17195.00,226235.00,0.007422
0.920000,1000,4000,0.9,0.01,17431.00,222290.00,0.016676
0.920000,1000,4000,0.9,0.01,32961.00,71481.00,0.019253
0.920000,1000,4000,0.9,0.01,22388.00,141506.00,0.007654
0.920000,1000,4000,0.9,0.01,20677.00,172089.00,0.011703
0.920000,1000,4000,0.9,0.01,20432.00,173634.00,0.004881
0.920000,1000,4000,0.9,0.01,18967.00,199964.00,0.010955
0.920000,1000,4000,0.9,0.01,25351.00,92649.00,0.010329
0.920000,1000,4000,0.9,0.01,20458.00,172601.00,0.005939
0.920000,1000,4000,0.9,0.01,23330.00,124651.00,0.011433
0.920000,1000,4000,0.9,0.01,67421.00,40754.00,0.004237
0.920000,1000,4000,0.9,0.01,61489.00,46938.00,0.006218
0.920000,1000,4000,0.9,0.01,17020.00,227643.00,0.013634
0.920000,1000,4000,0.9,0.01,61948.00,46660.00,0.005896
0.920000,1000,4000,0.9,0.01,18636.00,203066.00,0.018383
0.920000,1000,4000,0.9,0.01,64740.00,44206.00,0.009898
0.920000,1000,4000,0.9,0.01,52985.00,54540.00,0.011280
0.920000,1000,4000,0.9,0.01,21521.00,156096.00,0.002818
0.920000,1000,4000,0.9,0.01,16779.00,237451.00,0.010435
0.920000,1000,4000,0.9,0.01,66607.00,42410.00,0.007489
0.920000,1000,4000,0.9,0.01,21975.00,152067.00,0.004178
0.920000,1000,4000,0.9,0.01,19483.00,191260.00,0.004771
0.920000,1000,4000,0.9,0.01,31406.00,72786.00,0.005791
0.920000,1000,4000,0.9,0.01,15756.00,249048.00,0.009379
0.920000,1000,4000,0.9,0.01,55820.00,52361.00,0.003218
0.920000,1000,4000,0.9,0.01,50106.00,57714.00,0.011041
0.920000,1000,4000,0.9,0.01,22576.00,140675.00,0.016464
0.920000,1000,4000,0.9,0.01,24594.00,107857.00,0.011227
0.920000,1000,4000,0.9,0.01,16001.00,245207.00,0.021351
0.920000,1000,4000,0.9,0.01,23252.00,125995.00,0.012043
0.920000,1000,4000,0.9,0.01,21917.00,153158.00,0.005857
0.920000,1000,4000,0.9,0.01,42056.00,63873.00,0.008124
0.920000,1000,4000,0.9,0.01,19613.00,190254.00,0.006469
0.920000,1000,4000,0.9,0.01,53716.00,53760.00,0.017282
0.920000,1000,4000,0.9,0.01,18399.00,210648.00,0.012135
0.920000,1000,4000,0.9,0.01,25567.00,84035.00,0.006768
0.920000,1000,4000,0.9,0.01,46992.00,58620.00,0.012542
0.920000,1000,4000,0.9,0.01,30401.00,73985.00,0.047293
0.920000,1000,4000,0.9,0.01,65145.00,43176.00,0.009374
0.920000,1000,4000,0.9,0.01,21827.00,153974.00,0.005694
0.920000,1000,4000,0.9,0.01,22868.00,135301.00,0.016742
0.920000,1000,4000,0.9,0.01,15495.00,252307.00,0.015407
0.920000,1000,4000,0.9,0.01,48823.00,58361.00,0.018386
0.920000,1000,4000,0.9,0.01,23191.00,129248.00,0.011196
0.920000,1000,4000,0.9,0.01,22040.00,151869.00,0.007187
0.920000,1000,4000,0.9,0.01,44349.00,62176.00,0.014916
0.920000,1000,4000,0.9,0.01,43872.00,62369.00,0.010337
0.920000,1000,4000,0.9,0.01,16630.00,238681.00,0.008609
0.920000,1000,4000,0.9,0.01,24633.00,105315.00,0.008033
0.920000,1000,4000,0.9,0.01,51413.00,55305.00,0.010873
0.920000,1000,4000,0.9,0.01,21763.00,155442.00,0.003181
0.920000,1000,4000,0.9,0.01,23173.00,126396.00,0.016360
0.920000,1000,4000,0.9,0.01,21305.00,158935.00,0.021568
0.920000,1000,4000,0.9,0.01,17425.00,223532.00,0.008978
0.920000,1000,4000,0.9,0.01,21981.00,150644.00,0.019215
0.330000,1000,4000,0.9,0.01,24095.00,117268.00,0.014021
0.330000,1000,4000,0.9,0.01,65431.00,43272.00,0.017302
0.330000,1000,4000,0.9,0.01,57900.00,49898.00,0.014277
0.330000,1000,4000,0.9,0.01,21152.00,161909.00,0.013824
0.330000,1000,4000,0.9,0.01,40988.00,64505.00,0.019696
0.330000,1000,4000,0.9,0.01,16234.00,246711.00,0.006070
0.330000,1000,4000,0.9,0.01,25401.00,90539.00,0.012297
0.330000,1000,4000,0.9,0.01,25554.00,89621.00,0.007508
0.330000,1000,4000,0.9,0.01,22388.00,139427.00,0.017279
0.330000,1000,4000,0.9,0.01,23379.00,126964.00,0.020901
0.330000,1000,4000,0.9,0.01,64368.00,43515.00,0.012251
0.330000,1000,4000,0.9,0.01,36129.00,69114.00,0.004592
0.330000,1000,4000,0.9,0.01,44730.00,61871.00,0.023293
0.330000,1000,4000,0.9,0.01,67397.00,41010.00,0.007872
0.330000,1000,4000,0.9,0.01,45280.00,60273.00,0.019532
0.330000,1000,4000,0.9,0.01,19259.00,194229.00,0.016275
0.330000,1000,4000,0.9,0.01,17496.00,224916.00,0.022595
0.330000,1000,4000,0.9,0.01,46529.00,59793.00,0.018323
0.330000,1000,4000,0.9,0.01,16054.00,248504.00,0.005808
0.330000,1000,4000,0.9,0.01,20955.00,165964.00,0.015029
0.330000,1000,4000,0.9,0.01,51700.00,55930.00,0.013834
0.330000,1000,4000,0.9,0.01,20563.00,174610.00,0.012845
0.330000,1000,4000,0.9,0.01,23044.00,135277.00,0.011761
0.330000,1000,4000,0.9,0.01,18368.00,210522.00,0.010356
0.330000,1000,4000,0.9,0.01,34852.00,69966.00,0.004365
0.330000,1000,4000,0.9,0.01,33984.00,70190.00,0.016048
0.330000,1000,4000,0.9,0.01,17184.00,227738.00,0.010862
0.330000,1000,4000,0.9,0.01,36231.00,68942.00,0.006024
0.330000,1000,4000,0.9,0.01,40100.00,64747.00,0.015260
0.330000,1000,4000,0.9,0.01,24312.00,112596.00,0.009907
0.330000,1000,4000,0.9,0.01,22214.00,148619.00,0.013396
0.330000,1000,4000,0.9,0.01,53099.00,55023.00,0.002512
0.330000,1000,4000,0.9,0.01,61857.00,46413.00,0.017834
0.330000,1000,4000,0.9,0.01,66655.00,42106.00,0.009378
0.330000,1000,4000,0.9,0.01,18551.00,208440.00,0.006535
0.330000,1000,4000,0.9,0.01,62448.00,46283.00,0.012386
0.330000,1000,4000,0.9,0.01,52937.00,55755.00,0.013886
0.330000,1000,4000,0.9,0.01,18616.00,206642.00,0.014506
0.330000,1000,4000,0.9,0.01,19254.00,199592.00,0.013297
0.330000,1000,4000,0.9,0.01,38587.00,66811.00,0.020154
0.330000,1000,4000,0.9,0.01,66134.00,42654.00,0.003899
0.330000,1000,4000,0.9,0.01,29766.00,73314.00,0.013418
0.330000,1000,4000,0.9,0.01,18974.00,201689.00,0.011886
0.330000,1000,4000,0.9,0.01,20172.00,180696.00,0.012875
0.330000,1000,4000,0.9,0.01,17081.00,232860.00,0.010492
0.330000,1000,4000,0.9,0.01,42054.00,64290.00,0.020396
0.330000,1000,4000,0.9,0.01,54422.00,53828.00,0.011758
0.330000,1000,4000,0.9,0.01,24424.00,106884.00,0.011032
0.330000,1000,4000,0.9,0.01,22118.00,150426.00,0.014131
0.330000,1000,4000,0.9,0.01,17375.00,226841.00,0.009516
0.330000,1000,4000,0.9,0.01,28653.00,73683.00,0.033770
0.330000,1000,4000,0.9,0.01,39816.00,66266.00,0.019214
0.330000,1000,4000,0.9,0.01,53021.00,55375.00,0.003242
0.330000,1000,4000,0.9,0.01,16210.00,247081.00,0.003290
0.330000,1000,4000,0.9,0.01,16692.00,235746.00,0.013218
0.330000,1000,4000,0.9,0.01,16235.00,244565.00,0.016970
0.330000,1000,4000,0.9,0.01,49305.00,57636.00,0.018609
0.330000,1000,4000,0.9,0.01,53143.00,54793.00,0.007156
0.330000,1000,4000,0.9,0.01,18028.00,211510.00,0.017783
0.330000,1000,4000,0.9,0.01,15771.00,248731.00,0.010177
0.330000,1000,4000,0.9,0.01,19614.00,191231.00,0.020068
0.330000,1000,4000,0.9,0.01,59526.00,48133.00,0.031057
0.330000,1000,4000,0.9,0.01,22307.00,144435.00,0.014672
0.330000,1000,4000,0.9,0.01,24599.00,104441.00,0.011636
0.330000,1000,4000,0.9,0.01,16083.00,247509.00,0.004786
0.330000,1000,4000,0.9,0.01,17698.00,218421.00,0.023894
0.330000,1000,4000,0.9,0.01,51381.00,56550.00,0.013794
0.330000,1000,4000,0.9,0.01,19851.00,182981.00,0.016207
0.330000,1000,4000,0.9,0.01,21478.00,155817.00,0.024253
0.330000,1000,4000,0.9,0.01,25149.00,93260.00,0.018951
0.330000,1000,4000,0.9,0.01,42568.00,62207.00,0.031130
0.330000,1000,4000,0.9,0.01,31325.00,71085.00,0.027329
0.330000,1000,4000,0.9,0.01,36476.00,67943.00,0.014142
0.330000,1000,4000,0.9,0.01,15504.00,255056.00,0.015466
0.330000,1000,4000,0.9,0.01,66043.00,42943.00,0.008137
0.330000,1000,4000,0.9,0.01,34799.00,69968.00,0.008798
0.330000,1000,4000,0.9,0.01,17900.00,216269.00,0.019165
0.330000,1000,4000,0.9,0.01,21805.00,153033.00,0.018599
0.330000,1000,4000,0.9,0.01,17180.00,230725.00,0.012853
0.330000,1000,4000,0.9,0.01,20307.00,176508.00,0.013318
0.330000,1000,4000,0.9,0.01,23706.00,121322.00,0.017180
0.330000,1000,4000,0.9,0.01,56011.00,51357.00,0.018840
0.330000,1000,4000,0.9,0.01,47578.00,58043.00,0.018942
0.330000,1000,4000,0.9,0.01,63907.00,44549.00,0.013348
0.330000,1000,4000,0.9,0.01,25742.00,88703.00,0.037899
0.330000,1000,4000,0.9,0.01,37461.00,67902.00,0.011260
0.330000,1000,4000,0.9,0.01,18758.00,203033.00,0.014894
0.330000,1000,4000,0.9,0.01,15019.00,255309.00,100000000000000.000000
0.330000,1000,4000,0.9,0.01,48584.00,57791.00,0.017415
0.330000,1000,4000,0.9,0.01,44859.00,61585.00,0.002442
0.330000,1000,4000,0.9,0.01,22851.00,136278.00,0.010975
0.330000,1000,4000,0.9,0.01,66316.00,42384.00,0.006239
0.330000,1000,4000,0.9,0.01,24164.00,113478.00,0.012898
0.330000,1000,4000,0.9,0.01,44876.00,61418.00,0.007056
0.330000,1000,4000,0.9,0.01,60933.00,47743.00,0.026219
0.330000,1000,4000,0.9,0.01,24410.00,108423.00,0.007855
0.330000,1000,4000,0.9,0.01,20850.00,170355.00,0.005952
0.330000,1000,4000,0.9,0.01,37606.00,67735.00,0.006099
0.330000,1000,4000,0.9,0.01,63219.00,45214.00,0.011487
0.330000,1000,4000,0.9,0.01,63107.00,46213.00,0.009831
0.330000,1000,4000,0.9,0.01,53704.00,54425.00,0.009247
0.330000,1000,4000,0.9,0.01,54016.00,54396.00,0.008232
0.330000,1000,4000,0.9,0.01,20737.00,171906.00,0.006594
0.330000,1000,4000,0.9,0.01,55325.00,52354.00,0.011941
0.330000,1000,4000,0.9,0.01,16669.00,238852.00,0.012811
0.330000,1000,4000,0.9,0.01,20932.00,167488.00,0.009899
0.330000,1000,4000,0.9,0.01,64297.00,43891.00,0.006793
0.330000,1000,4000,0.9,0.01,19171.00,199604.00,0.007531
0.330000,1000,4000,0.9,0.01,19748.00,185944.00,0.021381
0.330000,1000,4000,0.9,0.01,21394.00,161806.00,0.017229
0.330000,1000,4000,0.9,0.01,35217.00,69805.00,0.010934
0.330000,1000,4000,0.9,0.01,23865.00,118297.00,0.013106
0.330000,1000,4000,0.9,0.01,33129.00,70872.00,0.019675
0.330000,1000,4000,0.9,0.01,24914.00,103880.00,0.005854
0.330000,1000,4000,0.9,0.01,33296.00,70707.00,0.009735
0.330000,1000,4000,0.9,0.01,22264.00,145247.00,0.010584
0.330000,1000,4000,0.9,0.01,51638.00,56378.00,0.004480
0.330000,1000,4000,0.9,0.01,67064.00,41416.00,0.009617
0.330000,1000,4000,0.9,0.01,20302.00,179282.00,0.010994
0.330000,1000,4000,0.9,0.01,24954.00,103376.00,0.002712
0.330000,1000,4000,0.9,0.01,24352.00,109977.00,0.010606
0.330000,1000,4000,0.9,0.01,38038.00,67645.00,0.011498
0.330000,1000,4000,0.9,0.01,23088.00,132179.00,0.022462
0.330000,1000,4000,0.9,0.01,29128.00,73406.00,0.011471
0.330000,1000,4000,0.9,0.01,20858.00,169836.00,0.007427
0.330000,1000,4000,0.9,0.01,57033.00,51254.00,0.021398
0.330000,1000,4000,0.9,0.01,15627.00,251138.00,0.017206
0.330000,1000,4000,0.9,0.01,50251.00,56622.00,0.022317
0.330000,1000,4000,0.9,0.01,17078.00,234832.00,0.010399
0.330000,1000,4000,0.9,0.01,35917.00,69631.00,0.010300
0.330000,1000,4000,0.9,0.01,57989.00,49028.00,0.019599
0.330000,1000,4000,0.9,0.01,16253.00,239467.00,0.017380
0.330000,1000,4000,0.9,0.01,20587.00,172118.00,0.007927
0.330000,1000,4000,0.9,0.01,19428.00,193286.00,0.010334
0.330000,1000,4000,0.9,0.01,18506.00,209009.00,0.006571
0.330000,1000,4000,0.9,0.01,55323.00,53678.00,0.005460
0.330000,1000,4000,0.9,0.01,47058.00,59684.00,0.014061
0.330000,1000,4000,0.9,0.01,22832.00,139140.00,0.011714
0.330000,1000,4000,0.9,0.01,55075.00,53681.00,0.008941
0.330000,1000,4000,0.9,0.01,23557.00,125091.00,0.007543
0.330000,1000,4000,0.9,0.01,23704.00,125047.00,0.010156
0.330000,1000,4000,0.9,0.01,30459.00,73094.00,0.010407
0.330000,1000,4000,0.9,0.01,30617.00,72326.00,0.012916
0.330000,1000,4000,0.9,0.01,25072.00,103360.00,0.006434
0.330000,1000,4000,0.9,0.01,25110.00,101242.00,0.011736
0.330000,1000,4000,0.9,0.01,25135.00,97621.00,0.012407
0.330000,1000,4000,0.9,0.01,25111.00,98457.00,0.008631
0.330000,1000,4000,0.9,0.01,21948.00,152586.00,0.009027
0.330000,1000,4000,0.9,0.01,30128.00,72213.00,0.079770
0.330000,1000,4000,0.9,0.01,44854.00,61726.00,0.030349
0.330000,1000,4000,0.9,0.01,22642.00,138879.00,0.025201
0.330000,1000,4000,0.9,0.01,57822.00,50879.00,0.011412
0.550000,1000,4000,0.9,0.01,67279.00,41906.00,0.010280
0.550000,1000,4000,0.9,0.01,20490.00,166973.00,0.036373
0.550000,1000,4000,0.9,0.01,18711.00,203959.00,0.007686
0.550000,1000,4000,0.9,0.01,33162.00,70508.00,0.013186
0.550000,1000,4000,0.9,0.01,56630.00,51128.00,0.014899
0.550000,1000,4000,0.9,0.01,55559.00,51779.00,0.013988
0.550000,1000,4000,0.9,0.01,24720.00,102605.00,0.015875
0.550000,1000,4000,0.9,0.01,22025.00,151002.00,0.004846
0.550000,1000,4000,0.9,0.01,43757.00,62451.00,0.013012
0.550000,1000,4000,0.9,0.01,54073.00,52512.00,0.019781
0.550000,1000,4000,0.9,0.01,24067.00,112324.00,0.018517
0.550000,1000,4000,0.9,0.01,67358.00,41075.00,0.001378
0.550000,1000,4000,0.9,0.01,18184.00,212803.00,0.013790
0.550000,1000,4000,0.9,0.01,64409.00,43272.00,0.018035
0.550000,1000,4000,0.9,0.01,19646.00,190369.00,0.004895
0.550000,1000,4000,0.9,0.01,58999.00,49565.00,0.011263
0.550000,1000,4000,0.9,0.01,17148.00,230100.00,0.007608
0.550000,1000,4000,0.9,0.01,19705.00,189223.00,0.014935
0.550000,1000,4000,0.9,0.01,58179.00,50333.00,0.005280
0.550000,1000,4000,0.9,0.01,62550.00,45535.00,0.019965
0.550000,1000,4000,0.9,0.01,17619.00,218552.00,0.014047
0.550000,1000,4000,0.9,0.01,15700.00,251973.00,0.009132
0.550000,1000,4000,0.9,0.01,17036.00,231533.00,0.006564
0.550000,1000,4000,0.9,0.01,46602.00,60131.00,0.008786
0.550000,1000,4000,0.9,0.01,33310.00,70407.00,0.007172
0.550000,1000,4000,0.9,0.01,22539.00,141336.00,0.022831
0.550000,1000,4000,0.9,0.01,15505.00,255095.00,0.002089
0.550000,1000,4000,0.9,0.01,21476.00,156045.00,0.033634
0.550000,1000,4000,0.9,0.01,47264.00,58976.00,0.004345
0.550000,1000,4000,0.9,0.01,18618.00,205484.00,0.008908
0.550000,1000,4000,0.9,0.01,57554.00,50659.00,0.007558
0.550000,1000,4000,0.9,0.01,29639.00,73190.00,0.040949
0.550000,1000,4000,0.9,0.01,60228.00,47069.00,0.015625
0.550000,1000,4000,0.9,0.01,17404.00,220567.00,0.026738
0.550000,1000,4000,0.9,0.01,20428.00,179329.00,0.033822
0.550000,1000,4000,0.9,0.01,45439.00,60609.00,0.006174
0.550000,1000,4000,0.9,0.01,15994.00,246511.00,0.019903
0.550000,1000,4000,0.9,0.01,22291.00,145165.00,0.019451
0.550000,1000,4000,0.9,0.01,33747.00,69821.00,0.025586
0.550000,1000,4000,0.9,0.01,22588.00,136537.00,0.020393
0.550000,1000,4000,0.9,0.01,58120.00,50431.00,0.005885
0.550000,1000,4000,0.9,0.01,25599.00,87667.00,0.036423
0.550000,1000,4000,0.9,0.01,24951.00,100393.00,0.025092
0.550000,1000,4000,0.9,0.01,19855.00,183273.00,0.005772
0.550000,1000,4000,0.9,0.01,48944.00,58009.00,0.012543
0.550000,1000,4000,0.9,0.01,52648.00,54735.00,0.008833
0.550000,1000,4000,0.9,0.01,61300.00,46733.00,0.025703
0.550000,1000,4000,0.9,0.01,22217.00,149609.00,0.003516
0.550000,1000,4000,0.9,0.01,19420.00,196416.00,0.011932
0.550000,1000,4000,0.9,0.01,16176.00,243049.00,0.012935
0.550000,1000,4000,0.9,0.01,43719.00,63199.00,0.015564
0.550000,1000,4000,0.9,0.01,67379.00,40725.00,0.004259
0.550000,1000,4000,0.9,0.01,16339.00,242350.00,0.007374
0.550000,1000,4000,0.9,0.01,38958.00,66599.00,0.016666
0.550000,1000,4000,0.9,0.01,18138.00,214994.00,0.009052
0.550000,1000,4000,0.9,0.01,32163.00,71376.00,0.038016
0.550000,1000,4000,0.9,0.01,18803.00,202929.00,0.010754
0.550000,1000,4000,0.9,0.01,25353.00,88156.00,0.014362
0.550000,1000,4000,0.9,0.01,56887.00,50816.00,0.009900
0.550000,1000,4000,0.9,0.01,36944.00,68428.00,0.020121
0.550000,1000,4000,0.9,0.01,15815.00,251259.00,0.005321
0.550000,1000,4000,0.9,0.01,57615.00,50551.00,0.005927
0.550000,1000,4000,0.9,0.01,55329.00,51809.00,0.015873
0.550000,1000,4000,0.9,0.01,18102.00,216371.00,0.004770
0.550000,1000,4000,0.9,0.01,18565.00,208408.00,0.005148
0.550000,1000,4000,0.9,0.01,23439.00,124926.00,0.017876
0.550000,1000,4000,0.9,0.01,35601.00,68796.00,0.033722
0.550000,1000,4000,0.9,0.01,50258.00,57480.00,0.012754
0.550000,1000,4000,0.9,0.01,19070.00,197400.00,0.013492
0.550000,1000,4000,0.9,0.01,63000.00,45115.00,0.011262
0.550000,1000,4000,0.9,0.01,18480.00,209073.00,0.005548
0.550000,1000,4000,0.9,0.01,21806.00,151233.00,0.016925
0.550000,1000,4000,0.9,0.01,63531.00,44713.00,0.012000
0.550000,1000,4000,0.9,0.01,20870.00,165455.00,0.008652
0.550000,1000,4000,0.9,0.01,22216.00,150671.00,0.002838
0.550000,1000,4000,0.9,0.01,22240.00,149253.00,0.002796
0.550000,1000,4000,0.9,0.01,19576.00,190804.00,0.006674
0.550000,1000,4000,0.9,0.01,15605.00,254335.00,0.008084
0.550000,1000,4000,0.9,0.01,29734.00,72803.00,0.028279
0.550000,1000,4000,0.9,0.01,15564.00,254901.00,0.002715
0.550000,1000,4000,0.9,0.01,19782.00,184485.00,0.015221
0.550000,1000,4000,0.9,0.01,16738.00,236518.00,0.012150
0.550000,1000,4000,0.9,0.01,15898.00,250492.00,0.012712
0.550000,1000,4000,0.9,0.01,20114.00,182018.00,0.007748
0.550000,1000,4000,0.9,0.01,23927.00,118236.00,0.005653
0.550000,1000,4000,0.9,0.01,21361.00,163913.00,0.021881
0.550000,1000,4000,0.9,0.01,46638.00,60120.00,0.001699
0.550000,1000,4000,0.9,0.01,66478.00,42047.00,0.015494
0.550000,1000,4000,0.9,0.01,23647.00,120665.00,0.013819
0.550000,1000,4000,0.9,0.01,47266.00,58680.00,0.011788
0.550000,1000,4000,0.9,0.01,67331.00,41122.00,0.002680
0.550000,1000,4000,0.9,0.01,58563.00,49976.00,0.009601
0.550000,1000,4000,0.9,0.01,50494.00,56268.00,0.014456
0.550000,1000,4000,0.9,0.01,21027.00,165450.00,0.005709
0.550000,1000,4000,0.9,0.01,19529.00,192767.00,0.008182
0.550000,1000,4000,0.9,0.01,41285.00,64674.00,0.009478
0.550000,1000,4000,0.9,0.01,40607.00,64684.00,0.013362
0.550000,1000,4000,0.9,0.01,16646.00,237562.00,0.010251
0.550000,1000,4000,0.9,0.01,37417.00,67588.00,0.020078
0.550000,1000,4000,0.9,0.01,38712.00,67041.00,0.016991
0.550000,1000,4000,0.9,0.01,42319.00,63680.00,0.010179
0.550000,1000,4000,0.9,0.01,40088.00,65513.00,0.020167
0.550000,1000,4000,0.9,0.01,49498.00,57672.00,0.013759
0.550000,1000,4000,0.9,0.01,64142.00,44637.00,0.007962
0.550000,1000,4000,0.9,0.01,15019.00,255300.00,100000000000000.000000
0.550000,1000,4000,0.9,0.01,19478.00,193931.00,0.009497
0.550000,1000,4000,0.9,0.01,16991.00,232286.00,0.005543
0.550000,1000,4000,0.9,0.01,15423.00,255222.00,0.005111
0.550000,1000,4000,0.9,0.01,24292.00,107182.00,0.028755
0.550000,1000,4000,0.9,0.01,67440.00,39575.00,100000000000000.000000
0.550000,1000,4000,0.9,0.01,20199.00,180368.00,0.009227
0.550000,1000,4000,0.9,0.01,17316.00,228841.00,0.021319
0.550000,1000,4000,0.9,0.01,19992.00,182859.00,0.005379
0.550000,1000,4000,0.9,0.01,64209.00,44068.00,0.005710
0.550000,1000,4000,0.9,0.01,17256.00,229156.00,0.004520
0.550000,1000,4000,0.9,0.01,18604.00,207362.00,0.007283
0.550000,1000,4000,0.9,0.01,24822.00,102514.00,0.003552
0.550000,1000,4000,0.9,0.01,46768.00,60081.00,0.004983
0.550000,1000,4000,0.9,0.01,18968.00,200377.00,0.015362
0.550000,1000,4000,0.9,0.01,24039.00,114130.00,0.012298
0.550000,1000,4000,0.9,0.01,45331.00,61196.00,0.009397
0.550000,1000,4000,0.9,0.01,53130.00,54523.00,0.008389
0.550000,1000,4000,0.9,0.01,22262.00,148588.00,0.009961
0.550000,1000,4000,0.9,0.01,24934.00,101953.00,0.006146
0.550000,1000,4000,0.9,0.01,22196.00,150747.00,0.002589
0.550000,1000,4000,0.9,0.01,44769.00,61906.00,0.017922
0.550000,1000,4000,0.9,0.01,21332.00,164893.00,0.006748
0.550000,1000,4000,0.9,0.01,16805.00,232974.00,0.012222
0.550000,1000,4000,0.9,0.01,16391.00,239513.00,0.009826
0.550000,1000,4000,0.9,0.01,23859.00,119213.00,0.006342
0.550000,1000,4000,0.9,0.01,41511.00,64315.00,0.012166
0.550000,1000,4000,0.9,0.01,23033.00,125851.00,0.026226
0.550000,1000,4000,0.9,0.01,47053.00,59678.00,0.007292
0.550000,1000,4000,0.9,0.01,23743.00,120215.00,0.005387
0.550000,1000,4000,0.9,0.01,65864.00,42768.00,0.008292
0.550000,1000,4000,0.9,0.01,42341.00,63339.00,0.014468
0.550000,1000,4000,0.9,0.01,45763.00,60310.00,0.012201
0.550000,1000,4000,0.9,0.01,25126.00,91917.00,0.032197
0.550000,1000,4000,0.9,0.01,18360.00,209958.00,0.011469
0.550000,1000,4000,0.9,0.01,22855.00,133838.00,0.029012
0.550000,1000,4000,0.9,0.01,51422.00,56033.00,0.020354
0.550000,1000,4000,0.9,0.01,65832.00,42966.00,0.015046
0.550000,1000,4000,0.9,0.01,52401.00,55334.00,0.014702
0.550000,1000,4000,0.9,0.01,16389.00,240744.00,0.007071
0.550000,1000,4000,0.9,0.01,53761.00,53891.00,0.010355
0.550000,1000,4000,0.9,0.01,53416.00,54276.00,0.007483
0.550000,1000,4000,0.9,0.01,48356.00,58384.00,0.017560
0.550000,1000,4000,0.9,0.01,18032.00,217091.00,0.008427
0.550000,1000,4000,0.9,0.01,18033.00,216620.00,0.002336
0.550000,1000,4000,0.9,0.01,60184.00,48882.00,0.011355
0.550000,1000,4000,0.9,0.01,59557.00,49207.00,0.012886
0.550000,1000,4000,0.9,0.01,24006.00,117379.00,0.010585
0.550000,1000,4000,0.9,0.01,21425.00,161658.00,0.019333
0.550000,1000,4000,0.9,0.01,24706.00,105230.00,0.014691
0.550000,1000,4000,0.9,0.01,44172.00,61977.00,0.010916
0.550000,1000,4000,0.9,0.01,53381.00,52951.00,0.018955
0.550000,1000,4000,0.9,0.01,38704.00,67173.00,0.013620
0.670000,1000,4000,0.9,0.01,64479.00,44835.00,0.003552
0.670000,1000,4000,0.9,0.01,18099.00,214637.00,0.007419
0.670000,1000,4000,0.9,0.01,17633.00,221549.00,0.013670
0.670000,1000,4000,0.9,0.01,33741.00,70711.00,0.013393
0.670000,1000,4000,0.9,0.01,18360.00,212004.00,0.007806
0.670000,1000,4000,0.9,0.01,25704.00,85700.00,0.033155
0.670000,1000,4000,0.9,0.01,58653.00,49530.00,0.007047
0.670000,1000,4000,0.9,0.01,28908.00,73561.00,0.019753
0.670000,1000,4000,0.9,0.01,47006.00,58010.00,0.014078
0.670000,1000,4000,0.9,0.01,20334.00,174816.00,0.025219
0.670000,1000,4000,0.9,0.01,31942.00,72307.00,0.004298
0.670000,1000,4000,0.9,0.01,19320.00,196292.00,0.009322
0.670000,1000,4000,0.9,0.01,53166.00,54290.00,0.011816
0.670000,1000,4000,0.9,0.01,17004.00,234408.00,0.006746
0.670000,1000,4000,0.9,0.01,19675.00,189040.00,0.001048
0.670000,1000,4000,0.9,0.01,22672.00,139433.00,0.012707
0.670000,1000,4000,0.9,0.01,45573.00,61303.00,0.005697
0.670000,1000,4000,0.9,0.01,22036.00,148240.00,0.029001
0.670000,1000,4000,0.9,0.01,56144.00,52306.00,0.007780
0.670000,1000,4000,0.9,0.01,23361.00,124912.00,0.030147
0.670000,1000,4000,0.9,0.01,43837.00,63047.00,0.006845
0.670000,1000,4000,0.9,0.01,31173.00,73264.00,0.008806
0.670000,1000,4000,0.9,0.01,54966.00,52860.00,0.015577
0.670000,1000,4000,0.9,0.01,15564.00,254427.00,0.002367
0.670000,1000,4000,0.9,0.01,18001.00,216149.00,0.012214
0.670000,1000,4000,0.9,0.01,46788.00,59366.00,0.008371
0.670000,1000,4000,0.9,0.01,54205.00,53845.00,0.003618
0.670000,1000,4000,0.9,0.01,23538.00,120457.00,0.016724
0.670000,1000,4000,0.9,0.01,65599.00,43409.00,0.007057
0.670000,1000,4000,0.9,0.01,64399.00,44894.00,0.014072
0.670000,1000,4000,0.9,0.01,17062.00,231907.00,0.003574
0.670000,1000,4000,0.9,0.01,60403.00,47955.00,0.001882
0.670000,1000,4000,0.9,0.01,49718.00,57542.00,0.018369
0.670000,1000,4000,0.9,0.01,16819.00,237234.00,0.002591
0.670000,1000,4000,0.9,0.01,18262.00,214022.00,0.006691
0.670000,1000,4000,0.9,0.01,15566.00,254360.00,0.003416
0.670000,1000,4000,0.9,0.01,24092.00,115145.00,0.010910
0.670000,1000,4000,0.9,0.01,25325.00,90418.00,0.010113
0.670000,1000,4000,0.9,0.01,50083.00,56933.00,0.008823
0.670000,1000,4000,0.9,0.01,43164.00,63514.00,0.006129
0.670000,1000,4000,0.9,0.01,63034.00,44960.00,0.021752
0.670000,1000,4000,0.9,0.01,18651.00,205484.00,0.017441
0.670000,1000,4000,0.9,0.01,17264.00,229561.00,0.011228
0.670000,1000,4000,0.9,0.01,15884.00,247372.00,0.017477
0.670000,1000,4000,0.9,0.01,15019.00,255326.00,100000000000000.000000
0.670000,1000,4000,0.9,0.01,46237.00,60067.00,0.007355
0.670000,1000,4000,0.9,0.01,59970.00,48264.00,0.012546
0.670000,1000,4000,0.9,0.01,20010.00,183378.00,0.012555
0.670000,1000,4000,0.9,0.01,17605.00,223773.00,0.013805
0.670000,1000,4000,0.9,0.01,18370.00,208966.00,0.011776
0.670000,1000,4000,0.9,0.01,54321.00,53370.00,0.007631
0.670000,1000,4000,0.9,0.01,18821.00,201029.00,0.002979
0.670000,1000,4000,0.9,0.01,54300.00,53412.00,0.002207
0.670000,1000,4000,0.9,0.01,41332.00,63665.00,0.024618
0.670000,1000,4000,0.9,0.01,32134.00,71398.00,0.007478
0.670000,1000,4000,0.9,0.01,21253.00,163042.00,0.011311
0.670000,1000,4000,0.9,0.01,25266.00,93496.00,0.015541
0.670000,1000,4000,0.9,0.01,15836.00,251370.00,0.007928
0.670000,1000,4000,0.9,0.01,52970.00,54598.00,0.003401
0.670000,1000,4000,0.9,0.01,24575.00,104052.00,0.015410
0.670000,1000,4000,0.9,0.01,16704.00,237259.00,0.002607
0.670000,1000,4000,0.9,0.01,23770.00,119379.00,0.007855
0.670000,1000,4000,0.9,0.01,25134.00,96338.00,0.014865
0.670000,1000,4000,0.9,0.01,45338.00,61419.00,0.010684
0.670000,1000,4000,0.9,0.01,21298.00,159382.00,0.016840
0.670000,1000,4000,0.9,0.01,19740.00,186597.00,0.008201
0.670000,1000,4000,0.9,0.01,67355.00,40816.00,0.004627
0.670000,1000,4000,0.9,0.01,54038.00,53895.00,0.010941
0.670000,1000,4000,0.9,0.01,24281.00,110485.00,0.011245
0.670000,1000,4000,0.9,0.01,58445.00,49693.00,0.017868
0.670000,1000,4000,0.9,0.01,35039.00,69069.00,0.025758
0.670000,1000,4000,0.9,0.01,28882.00,73660.00,0.031312
0.670000,1000,4000,0.9,0.01,64760.00,43784.00,0.009362
0.670000,1000,4000,0.9,0.01,66030.00,42989.00,0.010926
0.670000,1000,4000,0.9,0.01,16281.00,238049.00,0.018221
0.670000,1000,4000,0.9,0.01,22950.00,132527.00,0.018924
0.670000,1000,4000,0.9,0.01,17000.00,235822.00,0.004211
0.670000,1000,4000,0.9,0.01,34550.00,69862.00,0.014445
0.670000,1000,4000,0.9,0.01,17200.00,230569.00,0.006708
0.670000,1000,4000,0.9,0.01,23146.00,131852.00,0.021568
0.670000,1000,4000,0.9,0.01,62254.00,45452.00,0.014965
0.670000,1000,4000,0.9,0.01,51680.00,56275.00,0.011562
0.670000,1000,4000,0.9,0.01,19670.00,189222.00,0.001657
0.670000,1000,4000,0.9,0.01,25530.00,89357.00,0.006356
0.670000,1000,4000,0.9,0.01,44578.00,61818.00,0.016016
0.670000,1000,4000,0.9,0.01,20222.00,180404.00,0.017915
0.670000,1000,4000,0.9,0.01,19471.00,191192.00,0.010519
0.670000,1000,4000,0.9,0.01,16852.00,236750.00,0.004103
0.670000,1000,4000,0.9,0.01,20680.00,171407.00,0.021150
0.670000,1000,4000,0.9,0.01,24322.00,108296.00,0.017713
0.670000,1000,4000,0.9,0.01,52729.00,54954.00,0.012402
0.670000,1000,4000,0.9,0.01,18793.00,201179.00,0.011946
0.670000,1000,4000,0.9,0.01,31773.00,73235.00,0.006982
0.670000,1000,4000,0.9,0.01,55728.00,52439.00,0.012519
0.670000,1000,4000,0.9,0.01,20718.00,167270.00,0.015815
0.670000,1000,4000,0.9,0.01,22853.00,138812.00,0.017057
0.670000,1000,4000,0.9,0.01,43947.00,62605.00,0.008552
0.670000,1000,4000,0.9,0.01,56761.00,50976.00,0.006413
0.670000,1000,4000,0.9,0.01,43309.00,63239.00,0.007501
0.670000,1000,4000,0.9,0.01,19546.00,189224.00,0.006463
0.670000,1000,4000,0.9,0.01,17120.00,231863.00,0.004417
0.670000,1000,4000,0.9,0.01,64534.00,43917.00,0.005116
0.670000,1000,4000,0.9,0.01,46038.00,60812.00,0.006011
0.670000,1000,4000,0.9,0.01,40434.00,65670.00,0.006123
0.670000,1000,4000,0.9,0.01,16639.00,237618.00,0.005865
0.670000,1000,4000,0.9,0.01,32057.00,72035.00,0.003938
0.670000,1000,4000,0.9,0.01,40513.00,64999.00,0.013212
0.670000,1000,4000,0.9,0.01,19971.00,186470.00,0.010035
0.670000,1000,4000,0.9,0.01,21699.00,157611.00,0.009952
0.670000,1000,4000,0.9,0.01,58963.00,48784.00,0.007114
0.670000,1000,4000,0.9,0.01,25515.00,90157.00,0.004414
0.670000,1000,4000,0.9,0.01,24190.00,112605.00,0.012602
0.670000,1000,4000,0.9,0.01,21792.00,157121.00,0.004696
0.670000,1000,4000,0.9,0.01,19714.00,188951.00,0.006282
0.670000,1000,4000,0.9,0.01,36642.00,67357.00,0.031205
0.670000,1000,4000,0.9,0.01,25667.00,88040.00,0.010135
0.670000,1000,4000,0.9,0.01,18299.00,212573.00,0.004941
0.670000,1000,4000,0.9,0.01,61812.00,46388.00,0.012030
0.670000,1000,4000,0.9,0.01,59186.00,48654.00,0.010810
0.670000,1000,4000,0.9,0.01,15745.00,253698.00,0.009504
0.670000,1000,4000,0.9,0.01,56710.00,52011.00,0.005463
0.670000,1000,4000,0.9,0.01,22159.00,142115.00,0.026476
0.670000,1000,4000,0.9,0.01,23845.00,118331.00,0.008795
0.670000,1000,4000,0.9,0.01,17347.00,226329.00,0.016666
0.670000,1000,4000,0.9,0.01,60358.00,48064.00,0.004846
0.670000,1000,4000,0.9,0.01,61364.00,46980.00,0.015870
0.670000,1000,4000,0.9,0.01,50816.00,56585.00,0.016757
0.670000,1000,4000,0.9,0.01,60444.00,47606.00,0.011425
0.670000,1000,4000,0.9,0.01,42741.00,63546.00,0.017823
0.670000,1000,4000,0.9,0.01,30928.00,73557.00,0.022291
0.670000,1000,4000,0.9,0.01,46503.00,59552.00,0.006880
0.670000,1000,4000,0.9,0.01,21857.00,153386.00,0.018610
0.670000,1000,4000,0.9,0.01,21797.00,155988.00,0.004299
0.670000,1000,4000,0.9,0.01,18358.00,212285.00,0.001900
0.670000,1000,4000,0.9,0.01,66330.00,41703.00,0.016752
0.670000,1000,4000,0.9,0.01,18648.00,208108.00,0.010750
0.670000,1000,4000,0.9,0.01,15451.00,254908.00,0.007282
0.670000,1000,4000,0.9,0.01,33836.00,70351.00,0.009684
0.670000,1000,4000,0.9,0.01,47825.00,57559.00,0.026951
0.670000,1000,4000,0.9,0.01,20113.00,181637.00,0.008914
0.670000,1000,4000,0.9,0.01,17042.00,233084.00,0.006349
0.670000,1000,4000,0.9,0.01,17732.00,218397.00,0.016024
0.670000,1000,4000,0.9,0.01,19426.00,193269.00,0.013259
0.670000,1000,4000,0.9,0.01,56999.00,50433.00,0.019035
0.670000,1000,4000,0.9,0.01,43946.00,62907.00,0.002073
0.670000,1000,4000,0.9,0.01,56474.00,52152.00,0.006082
0.670000,1000,4000,0.9,0.01,51751.00,55444.00,0.002971
0.670000,1000,4000,0.9,0.01,21222.00,163950.00,0.009036
0.670000,1000,4000,0.9,0.01,24917.00,98474.00,0.020047
0.670000,1000,4000,0.9,0.01,65406.00,43466.00,0.008871
0.670000,1000,4000,0.9,0.01,22757.00,139093.00,0.003166
0.670000,1000,4000,0.9,0.01,16248.00,243871.00,0.015974
0.670000,1000,4000,0.9,0.01,37616.00,66210.00,0.036262
0.670000,1000,4000,0.9,0.01,16041.00,243954.00,0.011585
0.670000,1000,4000,0.9,0.01,49729.00,57469.00,0.003867
0.670000,1000,4000,0.9,0.01,15847.00,250697.00,0.009723
0.670000,1000,4000,0.9,0.01,51757.00,55310.00,0.010464
0.670000,1000,4000,0.9,0.01,67334.00,41127.00,0.011832
0.670000,1000,4000,0.9,0.01,21800.00,155299.00,0.006602
0.670000,1000,4000,0.9,0.01,24072.00,116827.00,0.009739
0.670000,1000,4000,0.9,0.01,52928.00,54778.00,0.003124
0.670000,1000,4000,0.9,0.01,18893.00,200305.00,0.011213
0.670000,1000,4000,0.9,0.01,24888.00,103976.00,0.016189
0.670000,1000,4000,0.9,0.01,49992.00,57001.00,0.004619
0.670000,1000,4000,0.9,0.01,32555.00,70858.00,0.016919
0.670000,1000,4000,0.9,0.01,31888.00,73194.00,0.003763
0.670000,1000,4000,0.9,0.01,16996.00,236192.00,0.003562
0.670000,1000,4000,0.9,0.01,19217.00,197318.00,0.003220
0.670000,1000,4000,0.9,0.01,19233.00,196497.00,0.003360
0.670000,1000,4000,0.9,0.01,45903.00,61286.00,0.005573
0.670000,1000,4000,0.9,0.01,19152.00,197553.00,0.010013
0.670000,1000,4000,0.9,0.01,40165.00,66209.00,0.028129
0.670000,1000,4000,0.9,0.01,21107.00,166340.00,0.012501
0.670000,1000,4000,0.9,0.01,21147.00,165802.00,0.015359
0.670000,1000,4000,0.9,0.01,21102.00,165848.00,0.007494
0.670000,1000,4000,0.9,0.01,39188.00,65680.00,0.028033
0.670000,1000,4000,0.9,0.01,15752.00,251703.00,0.020642
0.670000,1000,4000,0.9,0.01,53627.00,54216.00,0.009232
0.670000,1000,4000,0.9,0.01,21599.00,158024.00,0.007929
0.670000,1000,4000,0.9,0.01,31081.00,73272.00,0.017972
0.210000,1000,4000,0.9,0.01,24983.00,102893.00,0.007538
0.210000,1000,4000,0.9,0.01,22801.00,137322.00,0.004332
0.210000,1000,4000,0.9,0.01,19200.00,196777.00,0.004525
0.210000,1000,4000,0.9,0.01,16949.00,234997.00,0.010739
0.210000,1000,4000,0.9,0.01,19545.00,191765.00,0.009713
0.210000,1000,4000,0.9,0.01,29804.00,73264.00,0.022151
0.210000,1000,4000,0.9,0.01,25105.00,95386.00,0.019925
0.210000,1000,4000,0.9,0.01,54254.00,52447.00,0.024348
0.210000,1000,4000,0.9,0.01,60417.00,48012.00,0.015486
0.210000,1000,4000,0.9,0.01,62297.00,45989.00,0.007512
0.210000,1000,4000,0.9,0.01,19915.00,187787.00,0.008409
0.210000,1000,4000,0.9,0.01,20062.00,184296.00,0.007746
0.210000,1000,4000,0.9,0.01,41100.00,64826.00,0.011078
0.210000,1000,4000,0.9,0.01,49001.00,58190.00,0.009773
0.210000,1000,4000,0.9,0.01,19453.00,192132.00,0.008967
0.210000,1000,4000,0.9,0.01,65859.00,42399.00,0.016050
0.210000,1000,4000,0.9,0.01,17836.00,218857.00,0.005489
0.210000,1000,4000,0.9,0.01,65261.00,42868.00,0.015568
0.210000,1000,4000,0.9,0.01,61863.00,47049.00,0.006976
0.210000,1000,4000,0.9,0.01,50951.00,55866.00,0.010123
0.210000,1000,4000,0.9,0.01,23354.00,130685.00,0.004366
0.210000,1000,4000,0.9,0.01,21612.00,156563.00,0.013182
0.210000,1000,4000,0.9,0.01,23822.00,121923.00,0.004143
0.210000,1000,4000,0.9,0.01,23425.00,127230.00,0.011518
0.210000,1000,4000,0.9,0.01,23397.00,130612.00,0.008692
0.210000,1000,4000,0.9,0.01,22722.00,138499.00,0.011413
0.210000,1000,4000,0.9,0.01,24998.00,101054.00,0.018578
0.210000,1000,4000,0.9,0.01,61327.00,47118.00,0.010479
0.210000,1000,4000,0.9,0.01,38793.00,66232.00,0.022766
0.210000,1000,4000,0.9,0.01,18965.00,197130.00,0.022458
0.210000,1000,4000,0.9,0.01,56428.00,51942.00,0.010136
0.210000,1000,4000,0.9,0.01,16863.00,236956.00,0.003828
0.210000,1000,4000,0.9,0.01,19917.00,186230.00,0.009501
0.210000,1000,4000,0.9,0.01,17373.00,225060.00,0.001231
0.210000,1000,4000,0.9,0.01,50615.00,56068.00,0.013843
0.210000,1000,4000,0.9,0.01,62519.00,45161.00,0.009155
0.210000,1000,4000,0.9,0.01,39292.00,65510.00,0.021814
0.210000,1000,4000,0.9,0.01,52906.00,55211.00,0.010555
0.210000,1000,4000,0.9,0.01,20652.00,174756.00,0.008356
0.210000,1000,4000,0.9,0.01,44197.00,62052.00,0.010918
0.210000,1000,4000,0.9,0.01,25530.00,89976.00,0.008898
0.210000,1000,4000,0.9,0.01,25363.00,93052.00,0.008672
0.210000,1000,4000,0.9,0.01,43398.00,62096.00,0.017734
0.210000,1000,4000,0.9,0.01,52046.00,55235.00,0.013750
0.210000,1000,4000,0.9,0.01,19267.00,195756.00,0.004493
0.210000,1000,4000,0.9,0.01,20804.00,171499.00,0.005135
0.210000,1000,4000,0.9,0.01,19611.00,188595.00,0.012761
0.210000,1000,4000,0.9,0.01,49674.00,56575.00,0.018918
0.210000,1000,4000,0.9,0.01,63022.00,44116.00,0.017630
0.210000,1000,4000,0.9,0.01,20159.00,181642.00,0.017367
0.210000,1000,4000,0.9,0.01,19241.00,196316.00,0.003008
0.210000,1000,4000,0.9,0.01,62904.00,44542.00,0.007229
0.210000,1000,4000,0.9,0.01,21920.00,151130.00,0.010093
0.210000,1000,4000,0.9,0.01,40850.00,65299.00,0.018858
0.210000,1000,4000,0.9,0.01,64559.00,43757.00,0.024283
0.210000,1000,4000,0.9,0.01,47080.00,58851.00,0.018704
0.210000,1000,4000,0.9,0.01,46370.00,59019.00,0.009623
0.210000,1000,4000,0.9,0.01,21875.00,154233.00,0.008814
0.210000,1000,4000,0.9,0.01,18046.00,215668.00,0.010210
0.210000,1000,4000,0.9,0.01,20186.00,175811.00,0.019403
0.210000,1000,4000,0.9,0.01,44603.00,61078.00,0.013891
0.210000,1000,4000,0.9,0.01,48169.00,58364.00,0.019884
0.210000,1000,4000,0.9,0.01,22139.00,148075.00,0.017677
0.210000,1000,4000,0.9,0.01,33430.00,69565.00,0.036268
0.210000,1000,4000,0.9,0.01,42416.00,64001.00,0.005979
0.210000,1000,4000,0.9,0.01,52998.00,54605.00,0.007699
0.210000,1000,4000,0.9,0.01,59580.00,48841.00,0.012255
0.210000,1000,4000,0.9,0.01,20975.00,168666.00,0.010948
0.210000,1000,4000,0.9,0.01,18079.00,213323.00,0.009979
0.210000,1000,4000,0.9,0.01,21758.00,154263.00,0.007917
0.210000,1000,4000,0.9,0.01,23908.00,121717.00,0.003923
0.210000,1000,4000,0.9,0.01,15019.00,255142.00,100000000000000.000000
0.210000,1000,4000,0.9,0.01,53397.00,53914.00,0.008555
0.210000,1000,4000,0.9,0.01,23639.00,126643.00,0.009468
0.210000,1000,4000,0.9,0.01,22136.00,149938.00,0.006712
0.210000,1000,4000,0.9,0.01,28921.00,73931.00,0.040608
0.210000,1000,4000,0.9,0.01,49008.00,57606.00,0.010175
0.210000,1000,4000,0.9,0.01,60844.00,47370.00,0.010766
0.210000,1000,4000,0.9,0.01,36384.00,68705.00,0.007974
0.210000,1000,4000,0.9,0.01,24015.00,117955.00,0.011146
0.210000,1000,4000,0.9,0.01,18767.00,207055.00,0.002771
0.210000,1000,4000,0.9,0.01,23720.00,122729.00,0.006634
0.210000,1000,4000,0.9,0.01,24190.00,113185.00,0.010968
0.210000,1000,4000,0.9,0.01,21930.00,150108.00,0.004828
0.210000,1000,4000,0.9,0.01,55846.00,52149.00,0.021939
0.210000,1000,4000,0.9,0.01,57752.00,50370.00,0.007482
0.210000,1000,4000,0.9,0.01,24455.00,110498.00,0.021296
0.210000,1000,4000,0.9,0.01,17399.00,224852.00,0.001905
0.210000,1000,4000,0.9,0.01,24864.00,103752.00,0.007898
0.210000,1000,4000,0.9,0.01,53700.00,53808.00,0.011589
0.210000,1000,4000,0.9,0.01,16751.00,238128.00,0.003156
0.210000,1000,4000,0.9,0.01,56843.00,51885.00,0.006999
0.210000,1000,4000,0.9,0.01,15835.00,249586.00,0.004870
0.210000,1000,4000,0.9,0.01,18717.00,207544.00,0.005476
0.210000,1000,4000,0.9,0.01,16880.00,236166.00,0.003416
0.210000,1000,4000,0.9,0.01,42653.00,63339.00,0.013799
0.210000,1000,4000,0.9,0.01,17772.00,219940.00,0.008581
0.210000,1000,4000,0.9,0.01,17868.00,217969.00,0.004947
0.210000,1000,4000,0.9,0.01,18607.00,208757.00,0.010800
0.210000,1000,4000,0.9,0.01,18900.00,205224.00,0.022154
0.210000,1000,4000,0.9,0.01,44504.00,61944.00,0.006137
0.210000,1000,4000,0.9,0.01,37155.00,66524.00,0.022244
0.210000,1000,4000,0.9,0.01,56972.00,51165.00,0.006532
0.210000,1000,4000,0.9,0.01,21228.00,163873.00,0.016850
0.210000,1000,4000,0.9,0.01,24063.00,116419.00,0.012736
0.210000,1000,4000,0.9,0.01,57971.00,49328.00,0.011117
0.210000,1000,4000,0.9,0.01,15508.00,252555.00,0.013754
0.210000,1000,4000,0.9,0.01,36766.00,67474.00,0.012424
0.210000,1000,4000,0.9,0.01,23677.00,124186.00,0.009852
0.210000,1000,4000,0.9,0.01,31553.00,72280.00,0.013321
0.210000,1000,4000,0.9,0.01,31472.00,72547.00,0.006821
0.210000,1000,4000,0.9,0.01,16249.00,245260.00,0.008339
0.210000,1000,4000,0.9,0.01,16523.00,240808.00,0.009777
0.210000,1000,4000,0.9,0.01,16325.00,242524.00,0.012944
0.210000,1000,4000,0.9,0.01,62049.00,46464.00,0.004909
0.210000,1000,4000,0.9,0.01,21242.00,159936.00,0.014171
0.210000,1000,4000,0.9,0.01,46222.00,59466.00,0.006815
0.210000,1000,4000,0.9,0.01,36318.00,69067.00,0.030213
0.210000,1000,4000,0.9,0.01,18045.00,217585.00,0.007037
0.210000,1000,4000,0.9,0.01,22679.00,141740.00,0.014453
0.210000,1000,4000,0.9,0.01,15959.00,248848.00,0.005452
0.210000,1000,4000,0.9,0.01,20942.00,170685.00,0.008205
0.210000,1000,4000,0.9,0.01,22246.00,142770.00,0.019852
0.210000,1000,4000,0.9,0.01,42199.00,64047.00,0.006892
0.210000,1000,4000,0.9,0.01,20601.00,175097.00,0.006899
0.210000,1000,4000,0.9,0.01,25239.00,93456.00,0.007878
0.210000,1000,4000,0.9,0.01,16129.00,245312.00,0.008537
0.210000,1000,4000,0.9,0.01,17529.00,221292.00,0.013782
0.210000,1000,4000,0.9,0.01,16553.00,239248.00,0.005392
0.210000,1000,4000,0.9,0.01,32945.00,70812.00,0.012299
0.210000,1000,4000,0.9,0.01,45904.00,60038.00,0.008268
0.210000,1000,4000,0.9,0.01,67113.00,41051.00,0.008234
0.210000,1000,4000,0.9,0.01,25562.00,87211.00,0.038983
0.210000,1000,4000,0.9,0.01,62040.00,47047.00,0.003134
0.210000,1000,4000,0.9,0.01,24536.00,104457.00,0.019554
0.210000,1000,4000,0.9,0.01,32589.00,71404.00,0.016702
0.210000,1000,4000,0.9,0.01,19302.00,194630.00,0.010183
0.210000,1000,4000,0.9,0.01,16759.00,238095.00,0.001956
0.210000,1000,4000,0.9,0.01,21419.00,158550.00,0.011358
0.210000,1000,4000,0.9,0.01,17019.00,231496.00,0.016060
0.210000,1000,4000,0.9,0.01,20126.00,183751.00,0.003498
0.210000,1000,4000,0.9,0.01,18868.00,206282.00,0.004359
0.210000,1000,4000,0.9,0.01,20732.00,172034.00,0.009006
0.210000,1000,4000,0.9,0.01,41755.00,64250.00,0.012305
0.210000,1000,4000,0.9,0.01,23976.00,120866.00,0.009748
0.210000,1000,4000,0.9,0.01,16811.00,237532.00,0.003635
0.210000,1000,4000,0.9,0.01,58832.00,49242.00,0.014163
0.210000,1000,4000,0.9,0.01,21036.00,166352.00,0.013534
0.210000,1000,4000,0.9,0.01,17368.00,225255.00,0.011039
0.210000,1000,4000,0.9,0.01,51562.00,55604.00,0.011924
0.210000,1000,4000,0.9,0.01,22888.00,137315.00,0.007314
0.210000,1000,4000,0.9,0.01,57779.00,49698.00,0.004509
0.210000,1000,4000,0.9,0.01,31073.00,73244.00,0.017597
0.210000,1000,4000,0.9,0.01,23133.00,131407.00,0.011771
0.210000,1000,4000,0.9,0.01,16662.00,239056.00,0.004489
0.210000,1000,4000,0.9,0.01,67360.00,41043.00,0.005793
0.210000,1000,4000,0.9,0.01,23015.00,135050.00,0.008058
0.210000,1000,4000,0.9,0.01,15454.00,254798.00,0.010672
0.210000,1000,4000,0.9,0.01,59391.00,49070.00,0.008075
0.210000,1000,4000,0.9,0.01,17493.00,224733.00,0.009499
0.210000,1000,4000,0.9,0.01,23101.00,134718.00,0.009577
0.210000,1000,4000,0.9,0.01,20130.00,183068.00,0.005207
0.210000,1000,4000,0.9,0.01,67361.00,39575.00,100000000000000.000000
0.210000,1000,4000,0.9,0.01,18856.00,206922.00,0.002758
0.210000,1000,4000,0.9,0.01,15716.00,249947.00,0.010010
0.210000,1000,4000,0.9,0.01,17194.00,229082.00,0.017810
0.210000,1000,4000,0.9,0.01,25424.00,90479.00,0.008730
0.210000,1000,4000,0.9,0.01,57293.00,50922.00,0.009295
0.210000,1000,4000,0.9,0.01,45726.00,60988.00,0.014840
0.210000,1000,4000,0.9,0.01,16075.00,248224.00,0.009826
0.210000,1000,4000,0.9,0.01,18218.00,212074.00,0.008699
0.210000,1000,4000,0.9,0.01,18301.00,210487.00,0.011410
0.210000,1000,4000,0.9,0.01,16944.00,235817.00,0.003371
0.210000,1000,4000,0.9,0.01,66737.00,42027.00,0.015106
0.210000,1000,4000,0.9,0.01,24406.00,113103.00,0.008764
0.210000,1000,4000,0.9,0.01,17869.00,217571.00,0.009402
0.210000,1000,4000,0.9,0.01,44726.00,60913.00,0.014840
0.210000,1000,4000,0.9,0.01,66566.00,41783.00,0.014763
0.210000,1000,4000,0.9,0.01,15992.00,246797.00,0.010121
0.210000,1000,4000,0.9,0.01,24498.00,108951.00,0.014785
0.210000,1000,4000,0.9,0.01,24126.00,116031.00,0.008714
0.210000,1000,4000,0.9,0.01,16940.00,235380.00,0.024541
0.180000,1000,4000,0.9,0.01,50806.00,56836.00,0.005957
0.180000,1000,4000,0.9,0.01,18875.00,201356.00,0.002525
0.180000,1000,4000,0.9,0.01,30875.00,73339.00,0.009511
0.180000,1000,4000,0.9,0.01,47183.00,57744.00,0.037429
0.180000,1000,4000,0.9,0.01,24538.00,108304.00,0.017187
0.180000,1000,4000,0.9,0.01,24045.00,117097.00,0.015661
0.180000,1000,4000,0.9,0.01,61827.00,46808.00,0.005903
0.180000,1000,4000,0.9,0.01,35773.00,69269.00,0.011624
0.180000,1000,4000,0.9,0.01,21528.00,155030.00,0.014420
0.180000,1000,4000,0.9,0.01,21926.00,148230.00,0.008064
0.180000,1000,4000,0.9,0.01,17581.00,219043.00,0.018987
0.180000,1000,4000,0.9,0.01,36338.00,68010.00,0.021715
0.180000,1000,4000,0.9,0.01,23554.00,126689.00,0.020316
0.180000,1000,4000,0.9,0.01,16343.00,239923.00,0.013442
0.180000,1000,4000,0.9,0.01,15930.00,247699.00,0.006960
0.180000,1000,4000,0.9,0.01,66532.00,41449.00,0.012624
0.180000,1000,4000,0.9,0.01,57889.00,49637.00,0.019177
0.180000,1000,4000,0.9,0.01,62654.00,46117.00,0.005774
0.180000,1000,4000,0.9,0.01,24685.00,101798.00,0.016735
0.180000,1000,4000,0.9,0.01,35271.00,69949.00,0.008391
0.180000,1000,4000,0.9,0.01,34030.00,70396.00,0.026639
0.180000,1000,4000,0.9,0.01,23151.00,131696.00,0.005238
0.180000,1000,4000,0.9,0.01,23350.00,131045.00,0.010161
0.180000,1000,4000,0.9,0.01,46734.00,59652.00,0.003374
0.180000,1000,4000,0.9,0.01,21924.00,150777.00,0.014038
0.180000,1000,4000,0.9,0.01,17932.00,215051.00,0.014319
0.180000,1000,4000,0.9,0.01,25184.00,92910.00,0.008858
0.180000,1000,4000,0.9,0.01,19324.00,192162.00,0.018904
0.180000,1000,4000,0.9,0.01,23061.00,132725.00,0.012295
0.180000,1000,4000,0.9,0.01,63218.00,44829.00,0.011351
0.180000,1000,4000,0.9,0.01,62738.00,45327.00,0.008384
0.180000,1000,4000,0.9,0.01,16149.00,244709.00,0.004933
0.180000,1000,4000,0.9,0.01,37828.00,67398.00,0.012685
0.180000,1000,4000,0.9,0.01,55024.00,51893.00,0.023979
0.180000,1000,4000,0.9,0.01,29781.00,73844.00,0.041620
0.180000,1000,4000,0.9,0.01,64720.00,44008.00,0.012327
0.180000,1000,4000,0.9,0.01,25112.00,97327.00,0.013929
0.180000,1000,4000,0.9,0.01,15509.00,252972.00,0.009525
0.180000,1000,4000,0.9,0.01,17436.00,222810.00,0.009601
0.180000,1000,4000,0.9,0.01,21331.00,159286.00,0.016330
0.180000,1000,4000,0.9,0.01,44391.00,61915.00,0.008504
0.180000,1000,4000,0.9,0.01,22427.00,144034.00,0.005464
0.180000,1000,4000,0.9,0.01,39061.00,66207.00,0.011285
0.180000,1000,4000,0.9,0.01,16970.00,230864.00,0.005183
0.180000,1000,4000,0.9,0.01,42584.00,63760.00,0.015953
0.180000,1000,4000,0.9,0.01,29985.00,73549.00,0.008455
0.180000,1000,4000,0.9,0.01,24249.00,113270.00,0.013792
0.180000,1000,4000,0.9,0.01,16510.00,237559.00,0.004702
0.180000,1000,4000,0.9,0.01,21881.00,154064.00,0.008612
0.180000,1000,4000,0.9,0.01,18891.00,198816.00,0.010171
0.180000,1000,4000,0.9,0.01,39926.00,64995.00,0.020065
0.180000,1000,4000,0.9,0.01,50330.00,57529.00,0.003918
0.180000,1000,4000,0.9,0.01,24621.00,105139.00,0.016578
0.180000,1000,4000,0.9,0.01,65567.00,43600.00,0.003974
0.180000,1000,4000,0.9,0.01,50605.00,57120.00,0.006156
0.180000,1000,4000,0.9,0.01,54195.00,53769.00,0.011757
0.180000,1000,4000,0.9,0.01,23982.00,118892.00,0.010126
0.180000,1000,4000,0.9,0.01,15842.00,248228.00,0.009210
0.180000,1000,4000,0.9,0.01,20543.00,172736.00,0.016550
0.180000,1000,4000,0.9,0.01,42871.00,63266.00,0.005926
0.180000,1000,4000,0.9,0.01,22714.00,138403.00,0.004450
0.180000,1000,4000,0.9,0.01,17519.00,221502.00,0.010170
0.180000,1000,4000,0.9,0.01,56613.00,50569.00,0.018027
0.180000,1000,4000,0.9,0.01,21158.00,160518.00,0.016528
0.180000,1000,4000,0.9,0.01,23379.00,127424.00,0.012107
0.180000,1000,4000,0.9,0.01,16624.00,236900.00,0.008735
0.180000,1000,4000,0.9,0.01,18539.00,202934.00,0.009355
0.180000,1000,4000,0.9,0.01,63686.00,44337.00,0.012038
0.180000,1000,4000,0.9,0.01,67415.00,41217.00,0.013051
0.180000,1000,4000,0.9,0.01,19281.00,192979.00,0.011594
0.180000,1000,4000,0.9,0.01,66311.00,43029.00,0.005890
0.180000,1000,4000,0.9,0.01,20918.00,164683.00,0.022666
0.180000,1000,4000,0.9,0.01,61350.00,47586.00,0.011927
0.180000,1000,4000,0.9,0.01,20075.00,183415.00,0.008791
0.180000,1000,4000,0.9,0.01,16211.00,244638.00,0.004601
0.180000,1000,4000,0.9,0.01,42997.00,62908.00,0.008846
0.180000,1000,4000,0.9,0.01,18198.00,209337.00,0.022394
0.180000,1000,4000,0.9,0.01,18309.00,203695.00,0.018188
0.180000,1000,4000,0.9,0.01,31290.00,72312.00,0.007029
0.180000,1000,4000,0.9,0.01,15019.00,253927.00,100000000000000.000000
0.180000,1000,4000,0.9,0.01,51096.00,55307.00,0.024226
0.180000,1000,4000,0.9,0.01,35546.00,69755.00,0.006374
0.180000,1000,4000,0.9,0.01,16336.00,243501.00,0.012257
0.180000,1000,4000,0.9,0.01,65862.00,43491.00,0.004670
0.180000,1000,4000,0.9,0.01,17183.00,228876.00,0.005110
0.180000,1000,4000,0.9,0.01,44909.00,61593.00,0.008593
0.180000,1000,4000,0.9,0.01,18101.00,212445.00,0.012987
0.180000,1000,4000,0.9,0.01,50873.00,55662.00,0.006333
0.180000,1000,4000,0.9,0.01,64327.00,44203.00,0.010630
0.180000,1000,4000,0.9,0.01,65504.00,43731.00,0.009030
0.180000,1000,4000,0.9,0.01,20239.00,178953.00,0.014208
0.180000,1000,4000,0.9,0.01,24313.00,112280.00,0.005327
0.180000,1000,4000,0.9,0.01,43653.00,62671.00,0.011557
0.180000,1000,4000,0.9,0.01,54353.00,53187.00,0.012283
0.180000,1000,4000,0.9,0.01,66381.00,42401.00,0.005793
0.180000,1000,4000,0.9,0.01,45531.00,60985.00,0.010383
0.180000,1000,4000,0.9,0.01,62285.00,46669.00,0.006370
0.180000,1000,4000,0.9,0.01,23563.00,119467.00,0.022270
0.180000,1000,4000,0.9,0.01,53269.00,53795.00,0.011874
0.180000,1000,4000,0.9,0.01,20911.00,169225.00,0.013571
0.180000,1000,4000,0.9,0.01,25177.00,94267.00,0.010990
0.180000,1000,4000,0.9,0.01,17938.00,214364.00,0.002879
0.180000,1000,4000,0.9,0.01,25271.00,90854.00,0.009772
0.180000,1000,4000,0.9,0.01,56444.00,51457.00,0.018244
0.180000,1000,4000,0.9,0.01,31764.00,71277.00,0.029928
0.180000,1000,4000,0.9,0.01,46354.00,60049.00,0.007247
0.180000,1000,4000,0.9,0.01,16853.00,233063.00,0.008581
0.180000,1000,4000,0.9,0.01,59595.00,48926.00,0.023666
0.180000,1000,4000,0.9,0.01,21635.00,154347.00,0.005086
0.180000,1000,4000,0.9,0.01,20684.00,169544.00,0.011700
0.180000,1000,4000,0.9,0.01,34308.00,70259.00,0.007564
0.180000,1000,4000,0.9,0.01,18023.00,214189.00,0.006031
0.180000,1000,4000,0.9,0.01,18765.00,201549.00,0.006886
0.180000,1000,4000,0.9,0.01,19981.00,184259.00,0.009593
0.180000,1000,4000,0.9,0.01,22418.00,144484.00,0.004405
0.180000,1000,4000,0.9,0.01,17361.00,224972.00,0.013583
0.180000,1000,4000,0.9,0.01,44115.00,62525.00,0.008802
0.180000,1000,4000,0.9,0.01,45723.00,60470.00,0.005441
0.180000,1000,4000,0.9,0.01,22649.00,138824.00,0.011544
0.180000,1000,4000,0.9,0.01,20536.00,176034.00,0.017401
0.180000,1000,4000,0.9,0.01,23007.00,136378.00,0.013706
0.180000,1000,4000,0.9,0.01,22525.00,142579.00,0.014270
0.180000,1000,4000,0.9,0.01,23245.00,131232.00,0.003417
0.180000,1000,4000,0.9,0.01,20022.00,183792.00,0.002865
0.180000,1000,4000,0.9,0.01,17154.00,229671.00,0.004174
0.180000,1000,4000,0.9,0.01,60711.00,47877.00,0.009296
0.180000,1000,4000,0.9,0.01,30564.00,73421.00,0.008978
0.180000,1000,4000,0.9,0.01,15988.00,245841.00,0.009063
0.180000,1000,4000,0.9,0.01,46773.00,59177.00,0.008733
0.180000,1000,4000,0.9,0.01,16640.00,234346.00,0.011134
0.180000,1000,4000,0.9,0.01,19115.00,197537.00,0.008057
0.180000,1000,4000,0.9,0.01,21836.00,154109.00,0.003006
0.180000,1000,4000,0.9,0.01,19544.00,185950.00,0.024701
0.180000,1000,4000,0.9,0.01,34735.00,70036.00,0.009908
0.180000,1000,4000,0.9,0.01,65941.00,43127.00,0.005360
0.180000,1000,4000,0.9,0.01,61781.00,47139.00,0.006364
0.180000,1000,4000,0.9,0.01,39790.00,66109.00,0.011077
0.180000,1000,4000,0.9,0.01,46620.00,59998.00,0.004550
0.180000,1000,4000,0.9,0.01,50306.00,57577.00,0.030517
0.180000,1000,4000,0.9,0.01,17099.00,230322.00,0.004538
0.180000,1000,4000,0.9,0.01,19228.00,196740.00,0.012215
0.180000,1000,4000,0.9,0.01,44811.00,61725.00,0.005692
0.180000,1000,4000,0.9,0.01,22343.00,145579.00,0.006242
0.180000,1000,4000,0.9,0.01,15519.00,249967.00,0.014242
0.180000,1000,4000,0.9,0.01,62420.00,46502.00,0.004807
0.180000,1000,4000,0.9,0.01,53052.00,54186.00,0.024253
0.180000,1000,4000,0.9,0.01,16467.00,238274.00,0.007107
0.180000,1000,4000,0.9,0.01,45911.00,60206.00,0.007000
0.180000,1000,4000,0.9,0.01,24472.00,111898.00,0.011420
0.180000,1000,4000,0.9,0.01,16895.00,231710.00,0.006245
0.180000,1000,4000,0.9,0.01,38803.00,66911.00,0.014538
0.180000,1000,4000,0.9,0.01,18885.00,200957.00,0.006077
0.180000,1000,4000,0.9,0.01,41430.00,64213.00,0.028232
0.180000,1000,4000,0.9,0.01,15413.00,253617.00,0.006901
0.180000,1000,4000,0.9,0.01,20178.00,180661.00,0.011972
0.180000,1000,4000,0.9,0.01,17209.00,227705.00,0.010804
0.180000,1000,4000,0.9,0.01,31328.00,72178.00,0.006935
0.180000,1000,4000,0.9,0.01,60461.00,47936.00,0.013091
0.180000,1000,4000,0.9,0.01,58302.00,49254.00,0.017930
0.180000,1000,4000,0.9,0.01,25073.00,99813.00,0.014502
0.180000,1000,4000,0.9,0.01,22850.00,137738.00,0.007518
0.180000,1000,4000,0.9,0.01,25604.00,90438.00,0.008515
0.180000,1000,4000,0.9,0.01,25611.00,88594.00,0.039561
0.180000,1000,4000,0.9,0.01,37735.00,67982.00,0.015639
0.180000,1000,4000,0.9,0.01,22126.00,148146.00,0.005207
0.180000,1000,4000,0.9,0.01,22166.00,146979.00,0.005085
0.180000,1000,4000,0.9,0.01,22285.00,146616.00,0.004954
0.180000,1000,4000,0.9,0.01,64334.00,44114.00,0.004203
0.180000,1000,4000,0.9,0.01,22745.00,136894.00,0.007518
0.180000,1000,4000,0.9,0.01,20496.00,174489.00,0.019716
0.180000,1000,4000,0.9,0.01,20412.00,178385.00,0.012864
0.180000,1000,4000,0.9,0.01,22911.00,133274.00,0.012739
0.180000,1000,4000,0.9,0.01,16308.00,244372.00,0.004601
0.180000,1000,4000,0.9,0.01,25051.00,101135.00,0.007682
0.640000,1000,4000,0.9,0.01,18437.00,211464.00,0.004181
0.640000,1000,4000,0.9,0.01,24887.00,99825.00,0.012158
0.640000,1000,4000,0.9,0.01,19491.00,192496.00,0.009283
0.640000,1000,4000,0.9,0.01,23078.00,129801.00,0.008885
0.640000,1000,4000,0.9,0.01,46260.00,59528.00,0.008348
0.640000,1000,4000,0.9,0.01,19647.00,191328.00,0.006880
0.640000,1000,4000,0.9,0.01,24763.00,104733.00,0.006331
0.640000,1000,4000,0.9,0.01,16099.00,243994.00,0.014319
0.640000,1000,4000,0.9,0.01,19898.00,188729.00,0.010236
0.640000,1000,4000,0.9,0.01,61469.00,46890.00,0.008669
0.640000,1000,4000,0.9,0.01,61938.00,46575.00,0.009374
0.640000,1000,4000,0.9,0.01,36601.00,67526.00,0.014696
0.640000,1000,4000,0.9,0.01,49671.00,56930.00,0.018289
0.640000,1000,4000,0.9,0.01,63547.00,44799.00,0.014948
0.640000,1000,4000,0.9,0.01,18149.00,212756.00,0.010155
0.640000,1000,4000,0.9,0.01,60828.00,47711.00,0.004932
0.640000,1000,4000,0.9,0.01,20222.00,177298.00,0.017911
0.640000,1000,4000,0.9,0.01,20567.00,175702.00,0.025148
0.640000,1000,4000,0.9,0.01,24493.00,108539.00,0.008814
0.640000,1000,4000,0.9,0.01,22319.00,146936.00,0.008095
0.640000,1000,4000,0.9,0.01,22111.00,148685.00,0.013181
0.640000,1000,4000,0.9,0.01,19211.00,197573.00,0.006840
0.640000,1000,4000,0.9,0.01,39827.00,65080.00,0.022851
0.640000,1000,4000,0.9,0.01,20179.00,182864.00,0.013857
0.640000,1000,4000,0.9,0.01,16379.00,242980.00,0.006229
0.640000,1000,4000,0.9,0.01,22501.00,144377.00,0.005064
0.640000,1000,4000,0.9,0.01,62834.00,45432.00,0.009556
0.640000,1000,4000,0.9,0.01,16453.00,242402.00,0.007445
0.640000,1000,4000,0.9,0.01,51453.00,56500.00,0.007559
0.640000,1000,4000,0.9,0.01,67423.00,39575.00,100000000000000.000000
0.640000,1000,4000,0.9,0.01,21170.00,164991.00,0.005413
0.640000,1000,4000,0.9,0.01,59512.00,48296.00,0.006022
0.640000,1000,4000,0.9,0.01,59868.00,48239.00,0.011241
0.640000,1000,4000,0.9,0.01,19721.00,190474.00,0.006515
0.640000,1000,4000,0.9,0.01,37119.00,67067.00,0.027344
0.640000,1000,4000,0.9,0.01,15572.00,251960.00,0.004133
0.640000,1000,4000,0.9,0.01,15453.00,254997.00,0.005204
0.640000,1000,4000,0.9,0.01,67371.00,41452.00,0.005104
0.640000,1000,4000,0.9,0.01,20599.00,166013.00,0.030132
0.640000,1000,4000,0.9,0.01,22376.00,144421.00,0.007667
0.640000,1000,4000,0.9,0.01,34715.00,70580.00,0.020614
0.640000,1000,4000,0.9,0.01,22792.00,137309.00,0.007605
0.640000,1000,4000,0.9,0.01,23845.00,120294.00,0.004010
0.640000,1000,4000,0.9,0.01,18628.00,202581.00,0.030031
0.640000,1000,4000,0.9,0.01,19352.00,194119.00,0.010131
0.640000,1000,4000,0.9,0.01,19913.00,185195.00,0.011411
0.640000,1000,4000,0.9,0.01,22306.00,147626.00,0.006038
0.640000,1000,4000,0.9,0.01,23333.00,128748.00,0.007033
0.640000,1000,4000,0.9,0.01,22530.00,142870.00,0.007385
0.640000,1000,4000,0.9,0.01,46110.00,60042.00,0.009977
0.640000,1000,4000,0.9,0.01,39784.00,66172.00,0.009105
0.640000,1000,4000,0.9,0.01,16541.00,239108.00,0.014656
0.640000,1000,4000,0.9,0.01,44827.00,61240.00,0.024493
0.640000,1000,4000,0.9,0.01,16933.00,232702.00,0.009965
0.640000,1000,4000,0.9,0.01,15836.00,246923.00,0.014743
0.640000,1000,4000,0.9,0.01,25740.00,81117.00,0.042421
0.640000,1000,4000,0.9,0.01,25060.00,93278.00,0.020074
0.640000,1000,4000,0.9,0.01,60909.00,47069.00,0.004554
0.640000,1000,4000,0.9,0.01,39205.00,66448.00,0.027502
0.640000,1000,4000,0.9,0.01,23216.00,129692.00,0.004873
0.640000,1000,4000,0.9,0.01,67368.00,41551.00,0.001034
0.640000,1000,4000,0.9,0.01,16681.00,234166.00,0.018586
0.640000,1000,4000,0.9,0.01,64404.00,44345.00,0.003248
0.640000,1000,4000,0.9,0.01,64437.00,44180.00,0.006247
0.640000,1000,4000,0.9,0.01,22053.00,152272.00,0.010834
0.640000,1000,4000,0.9,0.01,53783.00,54106.00,0.002152
0.640000,1000,4000,0.9,0.01,57106.00,50853.00,0.002946
0.640000,1000,4000,0.9,0.01,17278.00,228914.00,0.002576
0.640000,1000,4000,0.9,0.01,51268.00,56867.00,0.017999
0.640000,1000,4000,0.9,0.01,51845.00,55981.00,0.008616
0.640000,1000,4000,0.9,0.01,31733.00,70940.00,0.018713
0.640000,1000,4000,0.9,0.01,67201.00,41791.00,0.006794
0.640000,1000,4000,0.9,0.01,23495.00,127806.00,0.005555
0.640000,1000,4000,0.9,0.01,45533.00,60840.00,0.015018
0.640000,1000,4000,0.9,0.01,23011.00,132682.00,0.014598
0.640000,1000,4000,0.9,0.01,18434.00,211523.00,0.003109
0.640000,1000,4000,0.9,0.01,24340.00,113428.00,0.012045
0.640000,1000,4000,0.9,0.01,20442.00,176218.00,0.006990
0.640000,1000,4000,0.9,0.01,18271.00,212122.00,0.003277
0.640000,1000,4000,0.9,0.01,31694.00,72707.00,0.028829
0.640000,1000,4000,0.9,0.01,52057.00,55269.00,0.014546
0.640000,1000,4000,0.9,0.01,23637.00,124604.00,0.010379
0.640000,1000,4000,0.9,0.01,21452.00,160511.00,0.005051
0.640000,1000,4000,0.9,0.01,17599.00,219077.00,0.013619
0.640000,1000,4000,0.9,0.01,61128.00,46981.00,0.005758
0.640000,1000,4000,0.9,0.01,20169.00,183059.00,0.002209
0.640000,1000,4000,0.9,0.01,24554.00,107323.00,0.008956
0.640000,1000,4000,0.9,0.01,17947.00,215314.00,0.012703
0.640000,1000,4000,0.9,0.01,35466.00,69311.00,0.008928
0.640000,1000,4000,0.9,0.01,66136.00,43197.00,0.011411
0.640000,1000,4000,0.9,0.01,42810.00,63101.00,0.004773
0.640000,1000,4000,0.9,0.01,56871.00,51517.00,0.007831
0.640000,1000,4000,0.9,0.01,24437.00,110855.00,0.007376
0.640000,1000,4000,0.9,0.01,21464.00,160160.00,0.003730
0.640000,1000,4000,0.9,0.01,58575.00,49408.00,0.014608
0.640000,1000,4000,0.9,0.01,23596.00,124772.00,0.005233
0.640000,1000,4000,0.9,0.01,21689.00,155296.00,0.009018
0.640000,1000,4000,0.9,0.01,23585.00,126648.00,0.006169
0.640000,1000,4000,0.9,0.01,18246.00,212163.00,0.002633
0.640000,1000,4000,0.9,0.01,29274.00,73256.00,0.059884
0.640000,1000,4000,0.9,0.01,16971.00,231060.00,0.006987
0.640000,1000,4000,0.9,0.01,35862.00,69045.00,0.006276
0.640000,1000,4000,0.9,0.01,24821.00,103293.00,0.012557
0.640000,1000,4000,0.9,0.01,56289.00,51535.00,0.012909
0.640000,1000,4000,0.9,0.01,23962.00,120070.00,0.007654
0.640000,1000,4000,0.9,0.01,15616.00,251710.00,0.008747
0.640000,1000,4000,0.9,0.01,23997.00,117617.00,0.011118
0.640000,1000,4000,0.9,0.01,21193.00,161224.00,0.008104
0.640000,1000,4000,0.9,0.01,25485.00,91289.00,0.027929
0.640000,1000,4000,0.9,0.01,15805.00,249145.00,0.013193
0.640000,1000,4000,0.9,0.01,17254.00,229561.00,0.003804
0.640000,1000,4000,0.9,0.01,23545.00,127224.00,0.003542
0.640000,1000,4000,0.9,0.01,19351.00,196291.00,0.008040
0.640000,1000,4000,0.9,0.01,53827.00,54058.00,0.007269
0.640000,1000,4000,0.9,0.01,36039.00,68962.00,0.010571
0.640000,1000,4000,0.9,0.01,17881.00,217134.00,0.012041
0.640000,1000,4000,0.9,0.01,25481.00,92102.00,0.008665
0.640000,1000,4000,0.9,0.01,18537.00,210143.00,0.022409
0.640000,1000,4000,0.9,0.01,19340.00,197539.00,0.004307
0.640000,1000,4000,0.9,0.01,64210.00,44647.00,0.009229
0.640000,1000,4000,0.9,0.01,23001.00,135783.00,0.012813
0.640000,1000,4000,0.9,0.01,21138.00,165051.00,0.007817
0.640000,1000,4000,0.9,0.01,21861.00,154370.00,0.008513
0.640000,1000,4000,0.9,0.01,43253.00,62022.00,0.020701
0.640000,1000,4000,0.9,0.01,15475.00,254958.00,0.005040
0.640000,1000,4000,0.9,0.01,54350.00,53304.00,0.015314
0.640000,1000,4000,0.9,0.01,17155.00,230049.00,0.003355
0.640000,1000,4000,0.9,0.01,16413.00,242599.00,0.002046
0.640000,1000,4000,0.9,0.01,58058.00,49689.00,0.008811
0.640000,1000,4000,0.9,0.01,15494.00,252991.00,0.007873
0.640000,1000,4000,0.9,0.01,62221.00,45941.00,0.009912
0.640000,1000,4000,0.9,0.01,41692.00,64167.00,0.026516
0.640000,1000,4000,0.9,0.01,56998.00,51075.00,0.003781
0.640000,1000,4000,0.9,0.01,21593.00,158338.00,0.005385
0.640000,1000,4000,0.9,0.01,16511.00,239790.00,0.008473
0.640000,1000,4000,0.9,0.01,25054.00,99006.00,0.016823
0.640000,1000,4000,0.9,0.01,42664.00,63327.00,0.006532
0.640000,1000,4000,0.9,0.01,21687.00,157545.00,0.007966
0.640000,1000,4000,0.9,0.01,67301.00,41610.00,0.002150
0.640000,1000,4000,0.9,0.01,35082.00,69686.00,0.010106
0.640000,1000,4000,0.9,0.01,17362.00,228894.00,0.011431
0.640000,1000,4000,0.9,0.01,19973.00,184114.00,0.005731
0.640000,1000,4000,0.9,0.01,65279.00,43426.00,0.012939
0.640000,1000,4000,0.9,0.01,17130.00,230498.00,0.004099
0.640000,1000,4000,0.9,0.01,21179.00,162884.00,0.008949
0.640000,1000,4000,0.9,0.01,33170.00,70709.00,0.029286
0.640000,1000,4000,0.9,0.01,60592.00,47892.00,0.010383
0.640000,1000,4000,0.9,0.01,43044.00,62832.00,0.006727
0.640000,1000,4000,0.9,0.01,18969.00,198963.00,0.017169
0.640000,1000,4000,0.9,0.01,55698.00,52258.00,0.014024
0.640000,1000,4000,0.9,0.01,17499.00,221438.00,0.014428
0.640000,1000,4000,0.9,0.01,17412.00,224533.00,0.018586
0.640000,1000,4000,0.9,0.01,59478.00,49232.00,0.011517
0.640000,1000,4000,0.9,0.01,46776.00,59182.00,0.011833
0.640000,1000,4000,0.9,0.01,57780.00,49937.00,0.010380
0.640000,1000,4000,0.9,0.01,42377.00,64137.00,0.011221
0.640000,1000,4000,0.9,0.01,19734.00,188875.00,0.005733
0.640000,1000,4000,0.9,0.01,24719.00,105605.00,0.007996
0.640000,1000,4000,0.9,0.01,64887.00,43638.00,0.009781
0.640000,1000,4000,0.9,0.01,21586.00,159453.00,0.005453
0.640000,1000,4000,0.9,0.01,55082.00,52617.00,0.015286
0.640000,1000,4000,0.9,0.01,24484.00,110838.00,0.005902
0.640000,1000,4000,0.9,0.01,57152.00,50438.00,0.008554
0.640000,1000,4000,0.9,0.01,21888.00,152442.00,0.006694
0.640000,1000,4000,0.9,0.01,23756.00,120952.00,0.011973
0.640000,1000,4000,0.9,0.01,66729.00,42900.00,0.005296
0.640000,1000,4000,0.9,0.01,66364.00,42969.00,0.006346
0.640000,1000,4000,0.9,0.01,66802.00,42487.00,0.007074
0.640000,1000,4000,0.9,0.01,49537.00,57632.00,0.006550
0.640000,1000,4000,0.9,0.01,22643.00,141775.00,0.005540
0.640000,1000,4000,0.9,0.01,53694.00,54439.00,0.004641
0.640000,1000,4000,0.9,0.01,22696.00,137809.00,0.007865
0.640000,1000,4000,0.9,0.01,22655.00,140994.00,0.003907
0.640000,1000,4000,0.9,0.01,53147.00,55065.00,0.012732
0.640000,1000,4000,0.9,0.01,53243.00,54658.00,0.003649
0.640000,1000,4000,0.9,0.01,53418.00,54606.00,0.004811
0.640000,1000,4000,0.9,0.01,24224.00,116124.00,0.002725
0.640000,1000,4000,0.9,0.01,24227.00,115188.00,0.007355
0.640000,1000,4000,0.9,0.01,24187.00,116199.00,0.005626
0.640000,1000,4000,0.9,0.01,22666.00,140184.00,0.007772
0.640000,1000,4000,0.9,0.01,62810.00,45888.00,0.007028
0.640000,1000,4000,0.9,0.01,49351.00,58439.00,0.008274
0.640000,1000,4000,0.9,0.01,47448.00,58586.00,0.015553
0.640000,1000,4000,0.9,0.01,47336.00,58852.00,0.007793
0.640000,1000,4000,0.9,0.01,48867.00,58444.00,0.018498
0.640000,1000,4000,0.9,0.01,20162.00,183747.00,0.004315
0.640000,1000,4000,0.9,0.01,61749.00,46684.00,0.005205
0.640000,1000,4000,0.9,0.01,62579.00,45765.00,0.010707
0.640000,1000,4000,0.9,0.01,22574.00,137568.00,0.022096
0.640000,1000,4000,0.9,0.01,25473.00,91938.00,0.054358
0.640000,1000,4000,0.9,0.01,66144.00,42181.00,0.013416
0.640000,1000,4000,0.9,0.01,47139.00,58117.00,0.033844
0.640000,1000,4000,0.9,0.01,36279.00,68606.00,0.014692
0.640000,1000,4000,0.9,0.01,19093.00,198221.00,0.005529
