Seed,Popsize,Ngen,Pcross,Pmut,Cost,Time,CrowdingDistance,ExecTimeSec
0.100000,1000,4000,0.9,0.01,1610.00,2149.00,0.000000,84.059
0.100000,1000,4000,0.9,0.01,934.00,3124.00,0.000000,84.059
0.100000,1000,4000,0.9,0.01,704.00,5577.00,0.000000,84.059
0.100000,1000,4000,0.9,0.01,876.00,3468.00,0.000000,84.059
0.100000,1000,4000,0.9,0.01,1243.00,2380.00,0.003229,84.059
0.100000,1000,4000,0.9,0.01,794.00,4106.00,0.000000,84.059
0.100000,1000,4000,0.9,0.01,720.00,4911.00,0.007084,84.059
0.100000,1000,4000,0.9,0.01,1132.00,2572.00,0.003780,84.059
0.100000,1000,4000,0.9,0.01,1427.00,2183.00,0.007352,84.059
0.100000,1000,4000,0.9,0.01,1052.00,2738.00,0.000000,84.059
0.100000,1000,4000,0.9,0.01,795.00,4091.00,0.005886,84.059
0.100000,1000,4000,0.9,0.01,753.00,4500.00,0.003146,84.059
0.100000,1000,4000,0.9,0.01,802.00,4029.00,0.005594,84.059
0.100000,1000,4000,0.9,0.01,948.00,3055.00,0.004687,84.059
0.100000,1000,4000,0.9,0.01,1124.00,2588.00,0.002125,84.059
0.100000,1000,4000,0.9,0.01,908.00,3275.00,0.002708,84.059
0.100000,1000,4000,0.9,0.01,1036.00,2779.00,0.000000,84.059
0.100000,1000,4000,0.9,0.01,1375.00,2224.00,0.007238,84.059
0.100000,1000,4000,0.9,0.01,1481.00,2169.00,0.006914,84.059
0.100000,1000,4000,0.9,0.01,1215.00,2427.00,0.003489,84.059
0.100000,1000,4000,0.9,0.01,736.00,4691.00,0.004167,84.059
0.100000,1000,4000,0.9,0.01,1222.00,2416.00,0.003197,84.059
0.100000,1000,4000,0.9,0.01,778.00,4249.00,0.005594,84.059
0.100000,1000,4000,0.9,0.01,738.00,4660.00,0.005886,84.059
0.100000,1000,4000,0.9,0.01,1065.00,2704.00,0.004541,84.059
0.100000,1000,4000,0.9,0.01,904.00,3302.00,0.003146,84.059
0.100000,1000,4000,0.9,0.01,1463.00,2174.00,0.005956,84.059
0.100000,1000,4000,0.9,0.01,893.00,3360.00,0.000000,84.059
0.100000,1000,4000,0.9,0.01,711.00,5107.00,0.009709,84.059
0.100000,1000,4000,0.9,0.01,862.00,3553.00,0.003146,84.059
0.100000,1000,4000,0.9,0.01,1524.00,2160.00,0.006914,84.059
0.100000,1000,4000,0.9,0.01,1045.00,2756.00,0.004332,84.059
0.100000,1000,4000,0.9,0.01,917.00,3228.00,0.003989,84.059
0.100000,1000,4000,0.9,0.01,1187.00,2475.00,0.002239,84.059
0.100000,1000,4000,0.9,0.01,892.00,3365.00,0.003146,84.059
0.100000,1000,4000,0.9,0.01,790.00,4139.00,0.005479,84.059
0.100000,1000,4000,0.9,0.01,902.00,3313.00,0.000000,84.059
0.100000,1000,4000,0.9,0.01,1175.00,2496.00,0.003229,84.059
0.100000,1000,4000,0.9,0.01,1235.00,2394.00,0.003229,84.059
0.100000,1000,4000,0.9,0.01,1181.00,2485.00,0.002822,84.059
0.100000,1000,4000,0.9,0.01,832.00,3769.00,0.006355,84.059
0.100000,1000,4000,0.9,0.01,1395.00,2203.00,0.006165,84.059
0.100000,1000,4000,0.9,0.01,869.00,3512.00,0.003146,84.059
0.100000,1000,4000,0.9,0.01,1265.00,2350.00,0.002822,84.059
0.100000,1000,4000,0.9,0.01,890.00,3379.00,0.003989,84.059
0.100000,1000,4000,0.9,0.01,1256.00,2365.00,0.002093,84.059
0.100000,1000,4000,0.9,0.01,878.00,3453.00,0.004427,84.059
0.100000,1000,4000,0.9,0.01,881.00,3435.00,0.003989,84.059
0.100000,1000,4000,0.9,0.01,1218.00,2423.00,0.002968,84.059
0.100000,1000,4000,0.9,0.01,804.00,4012.00,0.004281,84.059
0.100000,1000,4000,0.9,0.01,891.00,3374.00,0.003146,84.059
0.100000,1000,4000,0.9,0.01,1202.00,2451.00,0.003229,84.059
0.100000,1000,4000,0.9,0.01,873.00,3484.00,0.003989,84.059
0.100000,1000,4000,0.9,0.01,1310.00,2288.00,0.003114,84.059
0.100000,1000,4000,0.9,0.01,807.00,3991.00,0.003000,84.059
0.100000,1000,4000,0.9,0.01,715.00,5001.00,0.007084,84.059
0.100000,1000,4000,0.9,0.01,1354.00,2239.00,0.006977,84.059
0.100000,1000,4000,0.9,0.01,729.00,4770.00,0.006355,84.059
0.100000,1000,4000,0.9,0.01,925.00,3179.00,0.003146,84.059
0.100000,1000,4000,0.9,0.01,1086.00,2664.00,0.000000,84.059
0.100000,1000,4000,0.9,0.01,1289.00,2313.00,0.004478,84.059
0.100000,1000,4000,0.9,0.01,964.00,2994.00,0.003926,84.059
0.100000,1000,4000,0.9,0.01,1467.00,2172.00,0.005956,84.059
0.100000,1000,4000,0.9,0.01,910.00,3264.00,0.004427,84.059
0.100000,1000,4000,0.9,0.01,1135.00,2571.00,0.003374,84.059
0.100000,1000,4000,0.9,0.01,1012.00,2847.00,0.003343,84.059
0.100000,1000,4000,0.9,0.01,937.00,3116.00,0.004427,84.059
0.100000,1000,4000,0.9,0.01,1039.00,2776.00,0.000000,84.059
0.100000,1000,4000,0.9,0.01,734.00,4711.00,0.006355,84.059
0.100000,1000,4000,0.9,0.01,797.00,4077.00,0.003843,84.059
0.100000,1000,4000,0.9,0.01,1103.00,2631.00,0.003374,84.059
0.100000,1000,4000,0.9,0.01,758.00,4441.00,0.005625,84.059
0.100000,1000,4000,0.9,0.01,854.00,3606.00,0.003146,84.059
0.100000,1000,4000,0.9,0.01,1445.00,2180.00,0.005956,84.059
0.100000,1000,4000,0.9,0.01,1449.00,2178.00,0.003895,84.059
0.100000,1000,4000,0.9,0.01,1080.00,2668.00,0.007040,84.059
0.100000,1000,4000,0.9,0.01,983.00,2928.00,0.003146,84.059
0.100000,1000,4000,0.9,0.01,875.00,3473.00,0.003146,84.059
0.100000,1000,4000,0.9,0.01,1433.00,2182.00,0.006914,84.059
0.100000,1000,4000,0.9,0.01,1251.00,2368.00,0.003083,84.059
0.100000,1000,4000,0.9,0.01,1063.00,2718.00,0.005645,84.059
0.100000,1000,4000,0.9,0.01,883.00,3423.00,0.003989,84.059
0.100000,1000,4000,0.9,0.01,1073.00,2686.00,0.000000,84.059
0.100000,1000,4000,0.9,0.01,1035.00,2790.00,0.000000,84.059
0.100000,1000,4000,0.9,0.01,1005.00,2865.00,0.001687,84.059
0.100000,1000,4000,0.9,0.01,1164.00,2514.00,0.003083,84.059
0.100000,1000,4000,0.9,0.01,706.00,5377.00,0.021378,84.059
0.100000,1000,4000,0.9,0.01,1362.00,2237.00,0.006800,84.059
0.100000,1000,4000,0.9,0.01,803.00,4016.00,0.003583,84.059
0.100000,1000,4000,0.9,0.01,1406.00,2198.00,0.005988,84.059
0.100000,1000,4000,0.9,0.01,810.00,3971.00,0.000000,84.059
0.100000,1000,4000,0.9,0.01,905.00,3294.00,0.000000,84.059
0.100000,1000,4000,0.9,0.01,1387.00,2215.00,0.003895,84.059
0.100000,1000,4000,0.9,0.01,1042.00,2772.00,0.003000,84.059
0.100000,1000,4000,0.9,0.01,751.00,4517.00,0.005625,84.059
0.100000,1000,4000,0.9,0.01,737.00,4675.00,0.005625,84.059
0.100000,1000,4000,0.9,0.01,754.00,4491.00,0.003146,84.059
0.100000,1000,4000,0.9,0.01,936.00,3121.00,0.002822,84.059
0.100000,1000,4000,0.9,0.01,821.00,3862.00,0.005886,84.059
0.100000,1000,4000,0.9,0.01,760.00,4421.00,0.005886,84.059
0.100000,1000,4000,0.9,0.01,1156.00,2528.00,0.002677,84.059
0.100000,1000,4000,0.9,0.01,1146.00,2548.00,0.002791,84.059
0.100000,1000,4000,0.9,0.01,859.00,3576.00,0.003146,84.059
0.100000,1000,4000,0.9,0.01,707.00,5328.00,0.021378,84.059
0.100000,1000,4000,0.9,0.01,1439.00,2181.00,0.006914,84.059
0.100000,1000,4000,0.9,0.01,1138.00,2562.00,0.003083,84.059
0.100000,1000,4000,0.9,0.01,1303.00,2297.00,0.001687,84.059
0.100000,1000,4000,0.9,0.01,1281.00,2324.00,0.003229,84.059
0.100000,1000,4000,0.9,0.01,838.00,3724.00,0.003146,84.059
0.100000,1000,4000,0.9,0.01,863.00,3547.00,0.002562,84.059
0.100000,1000,4000,0.9,0.01,988.00,2920.00,0.004250,84.059
0.100000,1000,4000,0.9,0.01,1172.00,2502.00,0.002385,84.059
0.100000,1000,4000,0.9,0.01,787.00,4168.00,0.003146,84.059
0.100000,1000,4000,0.9,0.01,712.00,5063.00,0.009709,84.059
0.100000,1000,4000,0.9,0.01,1287.00,2320.00,0.002791,84.059
0.100000,1000,4000,0.9,0.01,1545.00,2157.00,0.010371,84.059
0.100000,1000,4000,0.9,0.01,1104.00,2624.00,0.002968,84.059
0.100000,1000,4000,0.9,0.01,1288.00,2319.00,0.002125,84.059
0.100000,1000,4000,0.9,0.01,1211.00,2434.00,0.002125,84.059
0.100000,1000,4000,0.9,0.01,1125.00,2586.00,0.003083,84.059
0.100000,1000,4000,0.9,0.01,764.00,4391.00,0.006761,84.059
0.100000,1000,4000,0.9,0.01,897.00,3343.00,0.003989,84.059
0.100000,1000,4000,0.9,0.01,868.00,3517.00,0.000000,84.059
0.100000,1000,4000,0.9,0.01,923.00,3193.00,0.002708,84.059
0.100000,1000,4000,0.9,0.01,1365.00,2234.00,0.003343,84.059
0.100000,1000,4000,0.9,0.01,765.00,4372.00,0.006063,84.059
0.100000,1000,4000,0.9,0.01,728.00,4791.00,0.006355,84.059
0.100000,1000,4000,0.9,0.01,1162.00,2518.00,0.002677,84.059
0.100000,1000,4000,0.9,0.01,945.00,3082.00,0.000000,84.059
0.100000,1000,4000,0.9,0.01,1050.00,2752.00,0.000000,84.059
0.100000,1000,4000,0.9,0.01,870.00,3503.00,0.003146,84.059
0.100000,1000,4000,0.9,0.01,1004.00,2867.00,0.000000,84.059
0.100000,1000,4000,0.9,0.01,1152.00,2538.00,0.001833,84.059
0.100000,1000,4000,0.9,0.01,1168.00,2511.00,0.002531,84.059
0.100000,1000,4000,0.9,0.01,820.00,3877.00,0.005188,84.059
0.100000,1000,4000,0.9,0.01,972.00,2959.00,0.005531,84.059
0.100000,1000,4000,0.9,0.01,837.00,3737.00,0.003989,84.059
0.100000,1000,4000,0.9,0.01,995.00,2887.00,0.005645,84.059
0.100000,1000,4000,0.9,0.01,1257.00,2364.00,0.001687,84.059
0.100000,1000,4000,0.9,0.01,843.00,3690.00,0.003989,84.059
0.100000,1000,4000,0.9,0.01,927.00,3168.00,0.000000,84.059
0.100000,1000,4000,0.9,0.01,1297.00,2301.00,0.004332,84.059
0.100000,1000,4000,0.9,0.01,788.00,4158.00,0.003146,84.059
0.100000,1000,4000,0.9,0.01,887.00,3395.00,0.003146,84.059
0.100000,1000,4000,0.9,0.01,922.00,3198.00,0.000000,84.059
0.100000,1000,4000,0.9,0.01,1194.00,2463.00,0.002677,84.059
0.100000,1000,4000,0.9,0.01,772.00,4313.00,0.005625,84.059
0.100000,1000,4000,0.9,0.01,1487.00,2168.00,0.005956,84.059
0.100000,1000,4000,0.9,0.01,775.00,4276.00,0.003146,84.059
0.100000,1000,4000,0.9,0.01,939.00,3102.00,0.005854,84.059
0.100000,1000,4000,0.9,0.01,1267.00,2345.00,0.005030,84.059
0.100000,1000,4000,0.9,0.01,912.00,3250.00,0.004427,84.059
0.100000,1000,4000,0.9,0.01,1242.00,2386.00,0.004218,84.059
0.100000,1000,4000,0.9,0.01,1179.00,2490.00,0.003229,84.059
0.100000,1000,4000,0.9,0.01,971.00,2972.00,0.003146,84.059
0.100000,1000,4000,0.9,0.01,1249.00,2376.00,0.003083,84.059
0.100000,1000,4000,0.9,0.01,759.00,4436.00,0.004021,84.059
0.100000,1000,4000,0.9,0.01,1246.00,2379.00,0.003895,84.059
0.100000,1000,4000,0.9,0.01,1225.00,2414.00,0.003229,84.059
0.100000,1000,4000,0.9,0.01,789.00,4154.00,0.003875,84.059
0.100000,1000,4000,0.9,0.01,853.00,3611.00,0.004573,84.059
0.100000,1000,4000,0.9,0.01,1294.00,2311.00,0.003895,84.059
0.100000,1000,4000,0.9,0.01,748.00,4552.00,0.005042,84.059
0.100000,1000,4000,0.9,0.01,814.00,3921.00,0.005854,84.059
0.100000,1000,4000,0.9,0.01,1169.00,2506.00,0.002125,84.059
0.100000,1000,4000,0.9,0.01,1238.00,2390.00,0.005030,84.059
0.100000,1000,4000,0.9,0.01,1259.00,2357.00,0.004478,84.059
0.100000,1000,4000,0.9,0.01,1088.00,2654.00,0.005645,84.059
0.100000,1000,4000,0.9,0.01,1341.00,2252.00,0.004592,84.059
0.100000,1000,4000,0.9,0.01,812.00,3935.00,0.005886,84.059
0.100000,1000,4000,0.9,0.01,727.00,4806.00,0.007084,84.059
0.100000,1000,4000,0.9,0.01,982.00,2937.00,0.004364,84.059
0.100000,1000,4000,0.9,0.01,1566.00,2153.00,0.015338,84.059
0.100000,1000,4000,0.9,0.01,845.00,3679.00,0.003989,84.059
0.100000,1000,4000,0.9,0.01,1119.00,2600.00,0.002822,84.059
0.100000,1000,4000,0.9,0.01,819.00,3890.00,0.003875,84.059
0.100000,1000,4000,0.9,0.01,1093.00,2646.00,0.006165,84.059
0.100000,1000,4000,0.9,0.01,880.00,3439.00,0.003146,84.059
0.100000,1000,4000,0.9,0.01,1019.00,2829.00,0.000000,84.059
0.100000,1000,4000,0.9,0.01,1273.00,2336.00,0.003229,84.059
0.100000,1000,4000,0.9,0.01,866.00,3531.00,0.003146,84.059
0.100000,1000,4000,0.9,0.01,1195.00,2460.00,0.003229,84.059
0.100000,1000,4000,0.9,0.01,966.00,2980.00,0.005531,84.059
0.100000,1000,4000,0.9,0.01,705.00,5467.00,0.030275,84.059
0.100000,1000,4000,0.9,0.01,766.00,4357.00,0.005740,84.059
0.100000,1000,4000,0.9,0.01,785.00,4185.00,0.005594,84.059
0.100000,1000,4000,0.9,0.01,1457.00,2175.00,0.006914,84.059
0.100000,1000,4000,0.9,0.01,1199.00,2453.00,0.002937,84.059
0.100000,1000,4000,0.9,0.01,770.00,4330.00,0.003146,84.059
0.100000,1000,4000,0.9,0.01,1203.00,2446.00,0.002531,84.059
0.100000,1000,4000,0.9,0.01,920.00,3201.00,0.004687,84.059
0.100000,1000,4000,0.9,0.01,1030.00,2795.00,0.000000,84.059
0.100000,1000,4000,0.9,0.01,829.00,3804.00,0.005594,84.059
0.100000,1000,4000,0.9,0.01,1536.00,2158.00,0.008570,84.059
0.100000,1000,4000,0.9,0.01,798.00,4076.00,0.003875,84.059
0.100000,1000,4000,0.9,0.01,1074.00,2684.00,0.003343,84.059
0.100000,1000,4000,0.9,0.01,943.00,3085.00,0.002822,84.059
0.100000,1000,4000,0.9,0.01,1264.00,2353.00,0.004332,84.059
0.100000,1000,4000,0.9,0.01,1380.00,2220.00,0.005030,84.059
0.100000,1000,4000,0.9,0.01,1339.00,2256.00,0.003114,84.059
0.100000,1000,4000,0.9,0.01,818.00,3896.00,0.003292,84.059
0.100000,1000,4000,0.9,0.01,1032.00,2794.00,0.002645,84.059
0.100000,1000,4000,0.9,0.01,1015.00,2831.00,0.000000,84.059
0.100000,1000,4000,0.9,0.01,1352.00,2247.00,0.000000,84.059
0.100000,1000,4000,0.9,0.01,1393.00,2211.00,0.000000,84.059
0.100000,1000,4000,0.9,0.01,1002.00,2869.00,0.000000,84.059
0.100000,1000,4000,0.9,0.01,851.00,3626.00,0.007281,84.059
0.100000,1000,4000,0.9,0.01,1020.00,2827.00,0.000000,84.059
0.100000,1000,4000,0.9,0.01,900.00,3316.00,0.004687,84.059
0.100000,1000,4000,0.9,0.01,1006.00,2863.00,0.003989,84.059
0.100000,1000,4000,0.9,0.01,1212.00,2431.00,0.003229,84.059
0.100000,1000,4000,0.9,0.01,984.00,2923.00,0.002125,84.059
0.100000,1000,4000,0.9,0.01,831.00,3790.00,0.000000,84.059
0.100000,1000,4000,0.9,0.01,808.00,3985.00,0.003146,84.059
0.100000,1000,4000,0.9,0.01,906.00,3288.00,0.003146,84.059
0.100000,1000,4000,0.9,0.01,951.00,3047.00,0.004427,84.059
0.100000,1000,4000,0.9,0.01,1041.00,2774.00,0.000000,84.059
0.100000,1000,4000,0.9,0.01,816.00,3910.00,0.003989,84.059
0.100000,1000,4000,0.9,0.01,1250.00,2373.00,0.002271,84.059
0.100000,1000,4000,0.9,0.01,874.00,3482.00,0.002708,84.059
0.100000,1000,4000,0.9,0.01,741.00,4632.00,0.005479,84.059
0.100000,1000,4000,0.9,0.01,722.00,4875.00,0.006355,84.059
0.100000,1000,4000,0.9,0.01,777.00,4262.00,0.003583,84.059
0.100000,1000,4000,0.9,0.01,1071.00,2700.00,0.000000,84.059
0.100000,1000,4000,0.9,0.01,1326.00,2269.00,0.003895,84.059
0.100000,1000,4000,0.9,0.01,1295.00,2309.00,0.001687,84.059
0.100000,1000,4000,0.9,0.01,1166.00,2512.00,0.002645,84.059
0.100000,1000,4000,0.9,0.01,708.00,5238.00,0.031702,84.059
0.100000,1000,4000,0.9,0.01,1177.00,2492.00,0.003083,84.059
0.100000,1000,4000,0.9,0.01,839.00,3723.00,0.003292,84.059
0.100000,1000,4000,0.9,0.01,1140.00,2558.00,0.002937,84.059
0.100000,1000,4000,0.9,0.01,1473.00,2171.00,0.004707,84.059
0.100000,1000,4000,0.9,0.01,1205.00,2445.00,0.005030,84.059
0.100000,1000,4000,0.9,0.01,1189.00,2473.00,0.002677,84.059
0.100000,1000,4000,0.9,0.01,1108.00,2618.00,0.002937,84.059
0.100000,1000,4000,0.9,0.01,1051.00,2740.00,0.003146,84.059
0.100000,1000,4000,0.9,0.01,1155.00,2533.00,0.002677,84.059
0.100000,1000,4000,0.9,0.01,903.00,3308.00,0.000000,84.059
0.100000,1000,4000,0.9,0.01,958.00,3014.00,0.003520,84.059
0.100000,1000,4000,0.9,0.01,1057.00,2734.00,0.000000,84.059
0.100000,1000,4000,0.9,0.01,985.00,2921.00,0.000000,84.059
0.100000,1000,4000,0.9,0.01,1078.00,2682.00,0.000000,84.059
0.100000,1000,4000,0.9,0.01,871.00,3498.00,0.000000,84.059
0.100000,1000,4000,0.9,0.01,860.00,3567.00,0.000000,84.059
0.100000,1000,4000,0.9,0.01,1144.00,2550.00,0.002822,84.059
0.100000,1000,4000,0.9,0.01,1013.00,2845.00,0.000000,84.059
0.100000,1000,4000,0.9,0.01,1072.00,2698.00,0.000000,84.059
0.100000,1000,4000,0.9,0.01,1056.00,2736.00,0.000000,84.059
0.100000,1000,4000,0.9,0.01,1323.00,2279.00,0.000000,84.059
0.100000,1000,4000,0.9,0.01,841.00,3704.00,0.003146,84.059
0.100000,1000,4000,0.9,0.01,913.00,3245.00,0.000000,84.059
0.100000,1000,4000,0.9,0.01,1234.00,2397.00,0.003926,84.059
0.100000,1000,4000,0.9,0.01,965.00,2992.00,0.003146,84.059
0.100000,1000,4000,0.9,0.01,1049.00,2754.00,0.003343,84.059
0.100000,1000,4000,0.9,0.01,1021.00,2815.00,0.000000,84.059
0.100000,1000,4000,0.9,0.01,1128.00,2582.00,0.003229,84.059
0.100000,1000,4000,0.9,0.01,885.00,3409.00,0.000000,84.059
0.100000,1000,4000,0.9,0.01,1416.00,2188.00,0.006800,84.059
0.100000,1000,4000,0.9,0.01,817.00,3905.00,0.003146,84.059
0.100000,1000,4000,0.9,0.01,825.00,3831.00,0.003146,84.059
0.100000,1000,4000,0.9,0.01,774.00,4280.00,0.003875,84.059
0.100000,1000,4000,0.9,0.01,1058.00,2722.00,0.000000,84.059
0.100000,1000,4000,0.9,0.01,1226.00,2409.00,0.002968,84.059
0.100000,1000,4000,0.9,0.01,1116.00,2606.00,0.003635,84.059
0.100000,1000,4000,0.9,0.01,997.00,2885.00,0.002239,84.059
0.100000,1000,4000,0.9,0.01,1318.00,2280.00,0.003895,84.059
0.100000,1000,4000,0.9,0.01,1173.00,2499.00,0.002531,84.059
0.100000,1000,4000,0.9,0.01,809.00,3977.00,0.003146,84.059
0.100000,1000,4000,0.9,0.01,950.00,3052.00,0.002822,84.059
0.100000,1000,4000,0.9,0.01,769.00,4340.00,0.003146,84.059
0.100000,1000,4000,0.9,0.01,1129.00,2579.00,0.001687,84.059
0.100000,1000,4000,0.9,0.01,791.00,4124.00,0.003875,84.059
0.100000,1000,4000,0.9,0.01,1593.00,2150.00,0.012985,84.059
0.100000,1000,4000,0.9,0.01,768.00,4344.00,0.004135,84.059
0.100000,1000,4000,0.9,0.01,998.00,2883.00,0.000000,84.059
0.100000,1000,4000,0.9,0.01,864.00,3543.00,0.002562,84.059
0.100000,1000,4000,0.9,0.01,926.00,3173.00,0.002708,84.059
0.100000,1000,4000,0.9,0.01,1130.00,2578.00,0.002677,84.059
0.100000,1000,4000,0.9,0.01,898.00,3330.00,0.005594,84.059
0.100000,1000,4000,0.9,0.01,1332.00,2265.00,0.001541,84.059
0.100000,1000,4000,0.9,0.01,745.00,4587.00,0.003583,84.059
0.100000,1000,4000,0.9,0.01,1280.00,2330.00,0.002271,84.059
0.100000,1000,4000,0.9,0.01,941.00,3091.00,0.004687,84.059
0.100000,1000,4000,0.9,0.01,1022.00,2813.00,0.003343,84.059
0.100000,1000,4000,0.9,0.01,786.00,4172.00,0.003583,84.059
0.100000,1000,4000,0.9,0.01,1117.00,2602.00,0.002531,84.059
0.100000,1000,4000,0.9,0.01,776.00,4266.00,0.003146,84.059
0.100000,1000,4000,0.9,0.01,1151.00,2540.00,0.002239,84.059
0.100000,1000,4000,0.9,0.01,1043.00,2761.00,0.003989,84.059
0.100000,1000,4000,0.9,0.01,931.00,3151.00,0.003989,84.059
0.100000,1000,4000,0.9,0.01,915.00,3231.00,0.003260,84.059
0.100000,1000,4000,0.9,0.01,781.00,4232.00,0.004167,84.059
0.100000,1000,4000,0.9,0.01,826.00,3821.00,0.003698,84.059
0.100000,1000,4000,0.9,0.01,989.00,2907.00,0.004427,84.059
0.100000,1000,4000,0.9,0.01,1148.00,2546.00,0.002531,84.059
0.100000,1000,4000,0.9,0.01,1059.00,2720.00,0.003343,84.059
0.100000,1000,4000,0.9,0.01,1008.00,2849.00,0.005645,84.059
0.100000,1000,4000,0.9,0.01,1123.00,2593.00,0.003083,84.059
0.100000,1000,4000,0.9,0.01,1309.00,2294.00,0.004478,84.059
0.100000,1000,4000,0.9,0.01,1367.00,2233.00,0.003083,84.059
0.100000,1000,4000,0.9,0.01,1192.00,2467.00,0.002937,84.059
0.100000,1000,4000,0.9,0.01,840.00,3709.00,0.003875,84.059
0.100000,1000,4000,0.9,0.01,717.00,4965.00,0.008803,84.059
0.100000,1000,4000,0.9,0.01,1302.00,2300.00,0.003895,84.059
0.100000,1000,4000,0.9,0.01,1067.00,2702.00,0.003895,84.059
0.100000,1000,4000,0.9,0.01,946.00,3069.00,0.000000,84.059
0.100000,1000,4000,0.9,0.01,1096.00,2642.00,0.005905,84.059
0.100000,1000,4000,0.9,0.01,1347.00,2248.00,0.003895,84.059
0.100000,1000,4000,0.9,0.01,1210.00,2438.00,0.004916,84.059
0.100000,1000,4000,0.9,0.01,1272.00,2342.00,0.004624,84.059
0.100000,1000,4000,0.9,0.01,780.00,4235.00,0.004135,84.059
0.100000,1000,4000,0.9,0.01,1037.00,2777.00,0.002093,84.059
0.100000,1000,4000,0.9,0.01,1518.00,2161.00,0.008716,84.059
0.100000,1000,4000,0.9,0.01,752.00,4505.00,0.003583,84.059
0.100000,1000,4000,0.9,0.01,1106.00,2622.00,0.003083,84.059
0.100000,1000,4000,0.9,0.01,1158.00,2526.00,0.003780,84.059
0.100000,1000,4000,0.9,0.01,1331.00,2267.00,0.003895,84.059
0.100000,1000,4000,0.9,0.01,1475.00,2170.00,0.004707,84.059
0.100000,1000,4000,0.9,0.01,1254.00,2367.00,0.003197,84.059
0.100000,1000,4000,0.9,0.01,1228.00,2405.00,0.003229,84.059
0.100000,1000,4000,0.9,0.01,771.00,4326.00,0.003583,84.059
0.100000,1000,4000,0.9,0.01,1185.00,2480.00,0.002937,84.059
0.100000,1000,4000,0.9,0.01,865.00,3537.00,0.002854,84.059
0.100000,1000,4000,0.9,0.01,756.00,4468.00,0.003875,84.059
0.100000,1000,4000,0.9,0.01,1325.00,2271.00,0.002271,84.059
0.100000,1000,4000,0.9,0.01,858.00,3581.00,0.003989,84.059
0.100000,1000,4000,0.9,0.01,1369.00,2228.00,0.005728,84.059
0.100000,1000,4000,0.9,0.01,1142.00,2557.00,0.001947,84.059
0.100000,1000,4000,0.9,0.01,1401.00,2199.00,0.006800,84.059
0.100000,1000,4000,0.9,0.01,914.00,3239.00,0.003146,84.059
0.100000,1000,4000,0.9,0.01,1284.00,2323.00,0.003895,84.059
0.100000,1000,4000,0.9,0.01,907.00,3280.00,0.003000,84.059
0.100000,1000,4000,0.9,0.01,1014.00,2833.00,0.003146,84.059
0.100000,1000,4000,0.9,0.01,1554.00,2155.00,0.008716,84.059
0.100000,1000,4000,0.9,0.01,924.00,3187.00,0.003146,84.059
0.100000,1000,4000,0.9,0.01,867.00,3523.00,0.003146,84.059
0.100000,1000,4000,0.9,0.01,762.00,4407.00,0.006583,84.059
0.100000,1000,4000,0.9,0.01,879.00,3449.00,0.003146,84.059
0.100000,1000,4000,0.9,0.01,713.00,5048.00,0.006355,84.059
0.100000,1000,4000,0.9,0.01,1491.00,2166.00,0.005956,84.059
0.100000,1000,4000,0.9,0.01,970.00,2973.00,0.003926,84.059
0.100000,1000,4000,0.9,0.01,749.00,4537.00,0.003437,84.059
0.100000,1000,4000,0.9,0.01,782.00,4214.00,0.005917,84.059
0.100000,1000,4000,0.9,0.01,932.00,3138.00,0.005594,84.059
0.100000,1000,4000,0.9,0.01,835.00,3740.00,0.004687,84.059
0.100000,1000,4000,0.9,0.01,793.00,4110.00,0.003146,84.059
0.100000,1000,4000,0.9,0.01,1217.00,2426.00,0.002239,84.059
0.100000,1000,4000,0.9,0.01,725.00,4845.00,0.005740,84.059
0.100000,1000,4000,0.9,0.01,806.00,3998.00,0.004719,84.059
0.100000,1000,4000,0.9,0.01,1346.00,2251.00,0.003895,84.059
0.100000,1000,4000,0.9,0.01,1312.00,2284.00,0.004592,84.059
0.100000,1000,4000,0.9,0.01,743.00,4601.00,0.004021,84.059
0.100000,1000,4000,0.9,0.01,909.00,3269.00,0.002708,84.059
0.100000,1000,4000,0.9,0.01,746.00,4579.00,0.004458,84.059
0.100000,1000,4000,0.9,0.01,991.00,2901.00,0.006228,84.059
0.100000,1000,4000,0.9,0.01,1560.00,2154.00,0.006914,84.059
0.100000,1000,4000,0.9,0.01,726.00,4832.00,0.006792,84.059
0.100000,1000,4000,0.9,0.01,1276.00,2335.00,0.003895,84.059
0.100000,1000,4000,0.9,0.01,730.00,4755.00,0.005886,84.059
0.100000,1000,4000,0.9,0.01,1198.00,2456.00,0.003229,84.059
0.100000,1000,4000,0.9,0.01,856.00,3592.00,0.003989,84.059
0.100000,1000,4000,0.9,0.01,1153.00,2535.00,0.002385,84.059
0.100000,1000,4000,0.9,0.01,747.00,4564.00,0.005042,84.059
0.100000,1000,4000,0.9,0.01,1220.00,2417.00,0.003229,84.059
0.100000,1000,4000,0.9,0.01,1324.00,2277.00,0.002271,84.059
0.100000,1000,4000,0.9,0.01,1170.00,2504.00,0.002239,84.059
0.100000,1000,4000,0.9,0.01,1421.00,2187.00,0.006800,84.059
0.100000,1000,4000,0.9,0.01,1161.00,2521.00,0.003374,84.059
0.100000,1000,4000,0.9,0.01,732.00,4741.00,0.005010,84.059
0.100000,1000,4000,0.9,0.01,1388.00,2212.00,0.003895,84.059
0.100000,1000,4000,0.9,0.01,1112.00,2608.00,0.004916,84.059
0.100000,1000,4000,0.9,0.01,1110.00,2617.00,0.003666,84.059
0.100000,1000,4000,0.9,0.01,888.00,3390.00,0.003989,84.059
0.100000,1000,4000,0.9,0.01,811.00,3950.00,0.006355,84.059
0.100000,1000,4000,0.9,0.01,959.00,3013.00,0.003146,84.059
0.100000,1000,4000,0.9,0.01,855.00,3597.00,0.003146,84.059
0.100000,1000,4000,0.9,0.01,824.00,3835.00,0.003583,84.059
0.100000,1000,4000,0.9,0.01,944.00,3083.00,0.001541,84.059
0.100000,1000,4000,0.9,0.01,1149.00,2542.00,0.002531,84.059
0.100000,1000,4000,0.9,0.01,1338.00,2262.00,0.004478,84.059
0.100000,1000,4000,0.9,0.01,848.00,3642.00,0.007896,84.059
0.100000,1000,4000,0.9,0.01,783.00,4199.00,0.005886,84.059
0.100000,1000,4000,0.9,0.01,1100.00,2632.00,0.005468,84.059
0.100000,1000,4000,0.9,0.01,710.00,5122.00,0.020763,84.059
0.100000,1000,4000,0.9,0.01,1333.00,2264.00,0.003749,84.059
0.100000,1000,4000,0.9,0.01,714.00,5027.00,0.007959,84.059
0.100000,1000,4000,0.9,0.01,719.00,4937.00,0.009532,84.059
0.100000,1000,4000,0.9,0.01,1509.00,2163.00,0.008716,84.059
0.100000,1000,4000,0.9,0.01,918.00,3215.00,0.005594,84.059
0.100000,1000,4000,0.9,0.01,1279.00,2332.00,0.002937,84.059
0.100000,1000,4000,0.9,0.01,740.00,4646.00,0.005740,84.059
0.100000,1000,4000,0.9,0.01,1001.00,2871.00,0.004250,84.059
0.100000,1000,4000,0.9,0.01,1034.00,2792.00,0.002239,84.059
0.100000,1000,4000,0.9,0.01,755.00,4486.00,0.004458,84.059
0.100000,1000,4000,0.9,0.01,744.00,4596.00,0.003146,84.059
0.100000,1000,4000,0.9,0.01,733.00,4732.00,0.005479,84.059
0.100000,1000,4000,0.9,0.01,1143.00,2556.00,0.002125,84.059
0.100000,1000,4000,0.9,0.01,823.00,3848.00,0.005594,84.059
0.100000,1000,4000,0.9,0.01,1026.00,2811.00,0.005645,84.059
0.100000,1000,4000,0.9,0.01,895.00,3346.00,0.004687,84.059
0.100000,1000,4000,0.9,0.01,1230.00,2402.00,0.004478,84.059
0.100000,1000,4000,0.9,0.01,1186.00,2477.00,0.001833,84.059
0.100000,1000,4000,0.9,0.01,1258.00,2361.00,0.002125,84.059
0.100000,1000,4000,0.9,0.01,833.00,3754.00,0.005886,84.059
0.100000,1000,4000,0.9,0.01,723.00,4860.00,0.006031,84.059
0.100000,1000,4000,0.9,0.01,886.00,3404.00,0.003146,84.059
0.100000,1000,4000,0.9,0.01,742.00,4616.00,0.005625,84.059
0.100000,1000,4000,0.9,0.01,1451.00,2176.00,0.004853,84.059
0.100000,1000,4000,0.9,0.01,1410.00,2192.00,0.006977,84.059
0.100000,1000,4000,0.9,0.01,735.00,4696.00,0.004021,84.059
0.100000,1000,4000,0.9,0.01,1182.00,2482.00,0.002937,84.059
0.100000,1000,4000,0.9,0.01,1497.00,2165.00,0.006914,84.059
0.100000,1000,4000,0.9,0.01,884.00,3419.00,0.003146,84.059
0.100000,1000,4000,0.9,0.01,1136.00,2564.00,0.002968,84.059
0.100000,1000,4000,0.9,0.01,792.00,4120.00,0.003146,84.059
0.100000,1000,4000,0.9,0.01,953.00,3033.00,0.005854,84.059
0.100000,1000,4000,0.9,0.01,842.00,3695.00,0.003146,84.059
0.100000,1000,4000,0.9,0.01,716.00,4986.00,0.006355,84.059
0.100000,1000,4000,0.9,0.01,1296.00,2307.00,0.002271,84.059
0.100000,1000,4000,0.9,0.01,800.00,4043.00,0.005886,84.059
0.100000,1000,4000,0.9,0.01,861.00,3561.00,0.003146,84.059
0.100000,1000,4000,0.9,0.01,721.00,4896.00,0.006355,84.059
0.100000,1000,4000,0.9,0.01,773.00,4295.00,0.005917,84.059
0.100000,1000,4000,0.9,0.01,929.00,3154.00,0.004687,84.059
0.100000,1000,4000,0.9,0.01,1503.00,2164.00,0.006914,84.059
0.100000,1000,4000,0.9,0.01,1317.00,2283.00,0.003895,84.059
0.100000,1000,4000,0.9,0.01,1382.00,2216.00,0.004592,84.059
0.100000,1000,4000,0.9,0.01,1530.00,2159.00,0.006914,84.059
0.100000,1000,4000,0.9,0.01,1087.00,2662.00,0.002562,84.059
0.100000,1000,4000,0.9,0.01,1190.00,2468.00,0.002531,84.059
0.100000,1000,4000,0.9,0.01,977.00,2948.00,0.003146,84.059
0.100000,1000,4000,0.9,0.01,976.00,2953.00,0.004364,84.059
0.100000,1000,4000,0.9,0.01,1304.00,2296.00,0.003749,84.059
0.100000,1000,4000,0.9,0.01,1120.00,2594.00,0.003229,84.059
0.100000,1000,4000,0.9,0.01,799.00,4058.00,0.005917,84.059
0.100000,1000,4000,0.9,0.01,955.00,3022.00,0.005531,84.059
0.100000,1000,4000,0.9,0.01,960.00,3000.00,0.005531,84.059
0.100000,1000,4000,0.9,0.01,978.00,2939.00,0.004364,84.059
0.100000,1000,4000,0.9,0.01,1028.00,2797.00,0.004541,84.059
0.100000,1000,4000,0.9,0.01,1587.00,2151.00,0.015338,84.059
0.100000,1000,4000,0.9,0.01,846.00,3674.00,0.003146,84.059
0.100000,1000,4000,0.9,0.01,750.00,4536.00,0.004021,84.059
0.100000,1000,4000,0.9,0.01,828.00,3817.00,0.004135,84.059
0.100000,1000,4000,0.9,0.01,757.00,4467.00,0.005042,84.059
0.100000,1000,4000,0.9,0.01,847.00,3665.00,0.000000,84.059
0.100000,1000,4000,0.9,0.01,750.00,4532.00,0.014251,84.059
0.100000,1000,4000,0.9,0.01,805.00,4002.00,0.003698,84.059
0.920000,1000,4000,0.9,0.01,1179.00,2489.00,0.003229,83.670
0.920000,1000,4000,0.9,0.01,1572.00,2152.00,0.011881,83.670
0.920000,1000,4000,0.9,0.01,1097.00,2639.00,0.003666,83.670
0.920000,1000,4000,0.9,0.01,739.00,4659.00,0.003146,83.670
0.920000,1000,4000,0.9,0.01,827.00,3817.00,0.004135,83.670
0.920000,1000,4000,0.9,0.01,911.00,3259.00,0.003146,83.670
0.920000,1000,4000,0.9,0.01,709.00,5212.00,0.018023,83.670
0.920000,1000,4000,0.9,0.01,757.00,4453.00,0.006615,83.670
0.920000,1000,4000,0.9,0.01,768.00,4343.00,0.004135,83.670
0.920000,1000,4000,0.9,0.01,830.00,3801.00,0.003146,83.670
0.920000,1000,4000,0.9,0.01,1207.00,2439.00,0.003780,83.670
0.920000,1000,4000,0.9,0.01,1164.00,2516.00,0.003083,83.670
0.920000,1000,4000,0.9,0.01,718.00,4950.00,0.005188,83.670
0.920000,1000,4000,0.9,0.01,854.00,3607.00,0.003146,83.670
0.920000,1000,4000,0.9,0.01,973.00,2962.00,0.000000,83.670
0.920000,1000,4000,0.9,0.01,972.00,2964.00,0.002562,83.670
0.920000,1000,4000,0.9,0.01,1443.00,2179.00,0.005956,83.670
0.920000,1000,4000,0.9,0.01,753.00,4503.00,0.003146,83.670
0.920000,1000,4000,0.9,0.01,847.00,3674.00,0.005917,83.670
0.920000,1000,4000,0.9,0.01,846.00,3675.00,0.001833,83.670
0.920000,1000,4000,0.9,0.01,763.00,4409.00,0.000000,83.670
0.920000,1000,4000,0.9,0.01,1194.00,2465.00,0.002677,83.670
0.920000,1000,4000,0.9,0.01,765.00,4376.00,0.006063,83.670
0.330000,1000,4000,0.9,0.01,1517.00,2163.00,0.008716,84.498
0.330000,1000,4000,0.9,0.01,1360.00,2235.00,0.008050,84.498
0.330000,1000,4000,0.9,0.01,1094.00,2648.00,0.002822,84.498
0.330000,1000,4000,0.9,0.01,713.00,5060.00,0.006355,84.498
0.330000,1000,4000,0.9,0.01,1215.00,2430.00,0.000000,84.498
0.330000,1000,4000,0.9,0.01,1093.00,2650.00,0.000000,84.498
0.330000,1000,4000,0.9,0.01,827.00,3818.00,0.001687,84.498
0.550000,1000,4000,0.9,0.01,748.00,4563.00,0.005042,83.646
0.550000,1000,4000,0.9,0.01,1051.00,2749.00,0.003146,83.646
0.550000,1000,4000,0.9,0.01,846.00,3656.00,0.007052,83.646
0.550000,1000,4000,0.9,0.01,855.00,3598.00,0.003146,83.646
0.550000,1000,4000,0.9,0.01,1557.00,2156.00,0.008716,83.646
0.550000,1000,4000,0.9,0.01,1315.00,2286.00,0.003895,83.646
0.550000,1000,4000,0.9,0.01,822.00,3863.00,0.005886,83.646
0.550000,1000,4000,0.9,0.01,1046.00,2758.00,0.000000,83.646
0.550000,1000,4000,0.9,0.01,1045.00,2760.00,0.000000,83.646
0.550000,1000,4000,0.9,0.01,1316.00,2284.00,0.001541,83.646
0.670000,1000,4000,0.9,0.01,836.00,3750.00,0.004687,83.195
0.670000,1000,4000,0.9,0.01,1048.00,2756.00,0.002239,83.195
0.670000,1000,4000,0.9,0.01,709.00,5232.00,0.018023,83.195
0.670000,1000,4000,0.9,0.01,823.00,3850.00,0.006729,83.195
0.670000,1000,4000,0.9,0.01,745.00,4595.00,0.003583,83.195
0.210000,1000,4000,0.9,0.01,1044.00,2765.00,0.003989,83.882
0.210000,1000,4000,0.9,0.01,1014.00,2841.00,0.003146,83.882
0.210000,1000,4000,0.9,0.01,850.00,3646.00,0.007135,83.882
0.180000,1000,4000,0.9,0.01,1023.00,2813.00,0.003343,84.651
0.180000,1000,4000,0.9,0.01,725.00,4846.00,0.005740,84.651
0.180000,1000,4000,0.9,0.01,819.00,3891.00,0.000000,84.651
0.180000,1000,4000,0.9,0.01,907.00,3283.00,0.000000,84.651
0.180000,1000,4000,0.9,0.01,829.00,3805.00,0.003989,84.651
0.180000,1000,4000,0.9,0.01,1242.00,2388.00,0.004218,84.651
0.180000,1000,4000,0.9,0.01,734.00,4727.00,0.006355,84.651
0.180000,1000,4000,0.9,0.01,1380.00,2223.00,0.005030,84.651
0.640000,1000,4000,0.9,0.01,803.00,4027.00,0.003583,84.461
0.640000,1000,4000,0.9,0.01,727.00,4816.00,0.007084,84.461
0.640000,1000,4000,0.9,0.01,1120.00,2596.00,0.001833,84.461
0.640000,1000,4000,0.9,0.01,1121.00,2595.00,0.002093,84.461
0.640000,1000,4000,0.9,0.01,1157.00,2531.00,0.002677,84.461
0.640000,1000,4000,0.9,0.01,774.00,4291.00,0.003875,84.461
